
INSERT INTO `antennas` (`id`, `serial_number`, `part_number`, `type`, `createdAt`, `updatedAt`) VALUES
(1, '123456789', 'adad', 'daa', '0000-00-00 00:00:00', '0000-00-00 00:00:00'),
(2, '1440929209', '57971-00 DC 4937', 'Zephyr Geodetic Model 2', '0000-00-00 00:00:00', '0000-00-00 00:00:00'),
(3, '1441021247', '57971-00 DC 5024', 'Zephyr Geodetic Model 2', '0000-00-00 00:00:00', '0000-00-00 00:00:00'),
(4, '1441021343', '57971-00 DC 5024', 'Zephyr Geodetic Model 2', '0000-00-00 00:00:00', '0000-00-00 00:00:00'),
(5, '1441021516', '57971-00 DC 5024', 'Zephyr Geodetic Model 2', '0000-00-00 00:00:00', '0000-00-00 00:00:00'),
(6, '1441027115', '57971-00 DC 5031', 'Zephyr Geodetic Model 2', '0000-00-00 00:00:00', '0000-00-00 00:00:00'),
(7, '1441027148', '57971-00 DC 5031', 'Zephyr Geodetic Model 2', '0000-00-00 00:00:00', '0000-00-00 00:00:00'),
(8, '1441027374', '57971-00 DC 5031', 'Zephyr Geodetic Model 2', '0000-00-00 00:00:00', '0000-00-00 00:00:00'),
(9, '1441027586', '57971-00 DC 5031', 'Zephyr Geodetic Model 2', '0000-00-00 00:00:00', '0000-00-00 00:00:00'),
(10, '1441027979', '57971-00 DC 5031', 'Zephyr Geodetic Model 2', '0000-00-00 00:00:00', '0000-00-00 00:00:00'),
(11, '12382983', '41249-00 DC 4235', 'Zephyr Geodetic', '0000-00-00 00:00:00', '0000-00-00 00:00:00'),
(12, '12382994', '41249-00 DC 4235', 'Zephyr Geodetic', '0000-00-00 00:00:00', '0000-00-00 00:00:00'),
(13, '12383088', '41249-00 DC 4235', 'Zephyr Geodetic', '0000-00-00 00:00:00', '0000-00-00 00:00:00'),
(14, '12393268', '41249-00 DC 4235', 'Zephyr Geodetic', '0000-00-00 00:00:00', '0000-00-00 00:00:00'),
(15, '12393278', '41249-00 DC 4235', 'Zephyr Geodetic', '0000-00-00 00:00:00', '0000-00-00 00:00:00'),
(16, '12393346', '41249-00 DC 4235', 'Zephyr Geodetic', '0000-00-00 00:00:00', '0000-00-00 00:00:00'),
(17, '60220467', '41249-00 DC 4732', 'Zephyr Geodetic', '0000-00-00 00:00:00', '0000-00-00 00:00:00'),
(18, '60250556', '41249-00 DC 4838', 'Zephyr Geodetic', '0000-00-00 00:00:00', '0000-00-00 00:00:00'),
(19, '60251466', '41249-00 DC 4838', 'Zephyr Geodetic', '0000-00-00 00:00:00', '0000-00-00 00:00:00'),
(20, '60267892', '41249-00 DC 4918', 'Zephyr Geodetic', '0000-00-00 00:00:00', '0000-00-00 00:00:00'),
(21, '12545333', '41249-00 DC 4345', 'Zephyr Geodetic', '0000-00-00 00:00:00', '0000-00-00 00:00:00'),
(22, '12518000', '41249-00 DC 4345', 'Zephyr Geodetic', '0000-00-00 00:00:00', '0000-00-00 00:00:00'),
(23, '60154113', '41249-00 DC4621', 'Zephyr Geodetic', '2017-05-05 01:01:25', '2017-05-05 01:01:25');


INSERT INTO `contact_people` (`id`, `first_name`, `last_name`, `position`, `contact_number`, `organization`, `email_add`, `address_one`, `address_two`, `city`, `province`, `createdAt`, `updatedAt`) VALUES
(1, 'asd', 'asd', NULL, '123', NULL, NULL, NULL, NULL, NULL, NULL, '2017-05-12 06:42:18', '2017-05-12 06:42:18'),
(2, 'test', 'name', NULL, '232323', NULL, NULL, NULL, NULL, NULL, NULL, '2017-05-16 01:23:57', '2017-05-16 01:23:57'),
(3, 'r', 's', NULL, '23', NULL, NULL, NULL, NULL, NULL, NULL, '2017-05-16 01:35:44', '2017-05-16 01:35:44'),
(4, 'Joelita', 'C. Cantoria', 'School Principal', '03165295244', NULL, NULL, NULL, NULL, NULL, NULL, '2017-05-16 05:39:44', '2017-05-16 05:39:44'),
(5, 'Marjon', 'B. Nahial', 'SIC', '03165295244', NULL, NULL, NULL, NULL, NULL, NULL, '2017-05-16 05:40:15', '2017-05-16 05:40:15'),
(6, 'Lyra ', 'Lufranco', 'OIC', '03152287998', NULL, NULL, NULL, NULL, NULL, NULL, '2017-05-16 07:47:06', '2017-05-16 07:47:06'),
(7, 'Marce', 'Ranio', 'Santiago NAS', '0996607994', NULL, NULL, NULL, NULL, NULL, NULL, '2017-05-17 05:20:59', '2017-05-17 05:20:59');


INSERT INTO `divisions` (`id`, `division_name`, `createdAt`, `updatedAt`) VALUES
(1, 'GGRDD', '0000-00-00 00:00:00', '0000-00-00 00:00:00'),
(2, 'SOEPD', '0000-00-00 00:00:00', '0000-00-00 00:00:00'),
(3, 'VMEPD', '0000-00-00 00:00:00', '0000-00-00 00:00:00'),
(4, 'ADMIN/SCIENCE AIDE', '0000-00-00 00:00:00', '0000-00-00 00:00:00');

INSERT INTO `positions` (`id`, `position_name`, `createdAt`, `updatedAt`) VALUES
(1, 'Associate Scientist', '0000-00-00 00:00:00', '0000-00-00 00:00:00'),
(2, 'SR Analyst', '0000-00-00 00:00:00', '0000-00-00 00:00:00'),
(3, 'SR Assistant', '0000-00-00 00:00:00', '0000-00-00 00:00:00'),
(4, 'SRS II', '0000-00-00 00:00:00', '0000-00-00 00:00:00'),
(5, 'SRS I', '0000-00-00 00:00:00', '0000-00-00 00:00:00'),
(6, 'Senior SRS', '0000-00-00 00:00:00', '0000-00-00 00:00:00'),
(7, 'Job Order', '0000-00-00 00:00:00', '0000-00-00 00:00:00'),
(8, 'Science Aide', '0000-00-00 00:00:00', '0000-00-00 00:00:00'),
(9, 'Admin Aide IV', '0000-00-00 00:00:00', '0000-00-00 00:00:00'),
(10, 'Admin Aide III', '0000-00-00 00:00:00', '0000-00-00 00:00:00');


INSERT INTO `receivers` (`id`, `serial_number`, `type`, `part_number`, `createdAt`, `updatedAt`) VALUES
(1, '123456789', 'adad', 'dadada', '0000-00-00 00:00:00', '0000-00-00 00:00:00'),
(2, '3551A13863', 'Trimble 4000SSi', '24840-41', '0000-00-00 00:00:00', '0000-00-00 00:00:00'),
(3, '3551A13917', 'Trimble 4000SSi', '24840-41', '0000-00-00 00:00:00', '0000-00-00 00:00:00'),
(4, '3905A25361', 'Trimble 4000SSi', '24840-41', '0000-00-00 00:00:00', '0000-00-00 00:00:00'),
(5, '3906A25428', 'Trimble 4000SSi', '24840-41', '0000-00-00 00:00:00', '0000-00-00 00:00:00'),
(6, '3941A26962', 'Trimble 4000SSi', '24840-41', '0000-00-00 00:00:00', '0000-00-00 00:00:00'),
(7, '4017A28158', 'Trimble 4000SSi', '24840-41', '0000-00-00 00:00:00', '0000-00-00 00:00:00'),
(8, '4023A28515', 'Trimble 4000SSi', '24840-41', '0000-00-00 00:00:00', '0000-00-00 00:00:00'),
(9, '4906165518', 'Trimble 5700 II', '65873-00', '0000-00-00 00:00:00', '0000-00-00 00:00:00'),
(10, '4906165602', 'Trimble 5700 II', '65873-00', '0000-00-00 00:00:00', '0000-00-00 00:00:00'),
(11, '4911166850', 'Trimble 5700 II', '65873-00', '0000-00-00 00:00:00', '0000-00-00 00:00:00'),
(12, '4911166851', 'Trimble 5700 II', '65873-00', '0000-00-00 00:00:00', '0000-00-00 00:00:00'),
(13, '4912167239', 'Trimble 5700 II', '65873-00', '0000-00-00 00:00:00', '0000-00-00 00:00:00'),
(14, '4912167244', 'Trimble 5700 II', '65873-00', '0000-00-00 00:00:00', '0000-00-00 00:00:00'),
(15, '4912167254', 'Trimble 5700 II', '65873-00', '0000-00-00 00:00:00', '0000-00-00 00:00:00'),
(16, '4912167255', 'Trimble 5700 II', '65873-00', '0000-00-00 00:00:00', '0000-00-00 00:00:00'),
(17, '4935400803', 'Trimble 5700 II', '65873-00', '0000-00-00 00:00:00', '0000-00-00 00:00:00'),
(18, '0220294779', 'Trimble 5700', '40406-00', '0000-00-00 00:00:00', '0000-00-00 00:00:00'),
(19, '0220358872', 'Trimble 5700', '40406-00', '0000-00-00 00:00:00', '0000-00-00 00:00:00'),
(20, '0220281552', 'Trimble 5700', '40406-32', '0000-00-00 00:00:00', '0000-00-00 00:00:00'),
(21, '0220294778', 'Trimble 5700', '40406-32', '0000-00-00 00:00:00', '0000-00-00 00:00:00'),
(22, '0220294780', 'Trimble 5700', '40406-32', '0000-00-00 00:00:00', '0000-00-00 00:00:00'),
(23, '0220294782', 'Trimble 5700', '40406-32', '0000-00-00 00:00:00', '0000-00-00 00:00:00'),
(24, '0220294783', 'Trimble 5700', '40406-32', '0000-00-00 00:00:00', '0000-00-00 00:00:00'),
(25, '0220294794', 'Trimble 5700', '40406-32', '0000-00-00 00:00:00', '0000-00-00 00:00:00'),
(26, '0440100597', 'Trimble 5700', '40406-32', '0000-00-00 00:00:00', '0000-00-00 00:00:00'),
(27, '4814149941', 'Trimble 5700', '63592-00', '0000-00-00 00:00:00', '0000-00-00 00:00:00'),
(28, '4814149946', 'Trimble 5700', '63592-00', '0000-00-00 00:00:00', '0000-00-00 00:00:00'),
(29, '5035K69803', 'Trimble Net R9', '67668-10', '0000-00-00 00:00:00', '0000-00-00 00:00:00'),
(30, '5035K69860', 'Trimble Net R9', '67668-10', '0000-00-00 00:00:00', '0000-00-00 00:00:00'),
(31, '5503R50022', 'Trimble Net R9', '67668-10', '0000-00-00 00:00:00', '0000-00-00 00:00:00'),
(32, '5035K69861', 'Trimble Net R9', '67668-10', '0000-00-00 00:00:00', '0000-00-00 00:00:00'),
(33, '5049K72284', 'Trimble Net R9', '67668-10', '0000-00-00 00:00:00', '0000-00-00 00:00:00'),
(34, '5116K75192', 'Trimble Net R9', '67668-10', '0000-00-00 00:00:00', '0000-00-00 00:00:00'),
(35, '4450241606', 'Trimble Net RS', '', '0000-00-00 00:00:00', '0000-00-00 00:00:00'),
(36, '4409232263', 'Trimble Net RS', '45905-00', '0000-00-00 00:00:00', '0000-00-00 00:00:00'),
(37, '4409232247', 'Trimble Net RS', '45905-00', '0000-00-00 00:00:00', '0000-00-00 00:00:00'),
(38, '0220306511', 'Trimble 5700', '40406-32', '2017-05-22 06:09:22', '2017-05-22 06:09:22');


INSERT INTO `site_names` (`id`, `site_name`, `createdAt`, `updatedAt`) VALUES
(1, 'AB14', '0000-00-00 00:00:00', '0000-00-00 00:00:00'),
(2, 'ABLA', '0000-00-00 00:00:00', '0000-00-00 00:00:00'),
(3, 'ADMI', '0000-00-00 00:00:00', '0000-00-00 00:00:00'),
(4, 'ALAB', '0000-00-00 00:00:00', '0000-00-00 00:00:00'),
(5, 'ALBU', '0000-00-00 00:00:00', '0000-00-00 00:00:00'),
(6, 'ALIC', '0000-00-00 00:00:00', '0000-00-00 00:00:00'),
(7, 'ANGT', '0000-00-00 00:00:00', '0000-00-00 00:00:00'),
(8, 'ANQ0', '0000-00-00 00:00:00', '0000-00-00 00:00:00'),
(9, 'ANTP', '0000-00-00 00:00:00', '0000-00-00 00:00:00'),
(10, 'APAR', '0000-00-00 00:00:00', '0000-00-00 00:00:00'),
(11, 'AR17', '0000-00-00 00:00:00', '0000-00-00 00:00:00'),
(12, 'AR30', '0000-00-00 00:00:00', '0000-00-00 00:00:00'),
(13, 'AROY', '0000-00-00 00:00:00', '0000-00-00 00:00:00'),
(14, 'ATIM', '0000-00-00 00:00:00', '0000-00-00 00:00:00'),
(15, 'AUR1', '0000-00-00 00:00:00', '0000-00-00 00:00:00'),
(16, 'AURA', '0000-00-00 00:00:00', '0000-00-00 00:00:00'),
(17, 'AURO', '0000-00-00 00:00:00', '0000-00-00 00:00:00'),
(18, 'BACO', '0000-00-00 00:00:00', '0000-00-00 00:00:00'),
(19, 'BAGB', '0000-00-00 00:00:00', '0000-00-00 00:00:00'),
(20, 'BAGU', '0000-00-00 00:00:00', '0000-00-00 00:00:00'),
(21, 'BAKO', '0000-00-00 00:00:00', '0000-00-00 00:00:00'),
(22, 'BALA', '0000-00-00 00:00:00', '0000-00-00 00:00:00'),
(23, 'BALU', '0000-00-00 00:00:00', '0000-00-00 00:00:00'),
(24, 'BANI', '0000-00-00 00:00:00', '0000-00-00 00:00:00'),
(25, 'BARB', '0000-00-00 00:00:00', '0000-00-00 00:00:00'),
(26, 'BASC', '0000-00-00 00:00:00', '0000-00-00 00:00:00'),
(27, 'BATC', '0000-00-00 00:00:00', '0000-00-00 00:00:00'),
(28, 'BAYB', '0000-00-00 00:00:00', '0000-00-00 00:00:00'),
(29, 'BGB1', '0000-00-00 00:00:00', '0000-00-00 00:00:00'),
(30, 'BICA', '0000-00-00 00:00:00', '0000-00-00 00:00:00'),
(31, 'BLNA', '0000-00-00 00:00:00', '0000-00-00 00:00:00'),
(32, 'BNBA', '0000-00-00 00:00:00', '0000-00-00 00:00:00'),
(33, 'BNOR', '0000-00-00 00:00:00', '0000-00-00 00:00:00'),
(34, 'BOLI', '0000-00-00 00:00:00', '0000-00-00 00:00:00'),
(35, 'BONG', '0000-00-00 00:00:00', '0000-00-00 00:00:00'),
(36, 'BONT', '0000-00-00 00:00:00', '0000-00-00 00:00:00'),
(37, 'BRG1', '0000-00-00 00:00:00', '0000-00-00 00:00:00'),
(38, 'BRGC', '0000-00-00 00:00:00', '0000-00-00 00:00:00'),
(39, 'BSCS', '0000-00-00 00:00:00', '0000-00-00 00:00:00'),
(40, 'BTS3', '0000-00-00 00:00:00', '0000-00-00 00:00:00'),
(41, 'BTUN', '0000-00-00 00:00:00', '0000-00-00 00:00:00'),
(42, 'BUCA', '0000-00-00 00:00:00', '0000-00-00 00:00:00'),
(43, 'BUGS', '0000-00-00 00:00:00', '0000-00-00 00:00:00'),
(44, 'BULA', '0000-00-00 00:00:00', '0000-00-00 00:00:00'),
(45, 'BURG', '0000-00-00 00:00:00', '0000-00-00 00:00:00'),
(46, 'BURN', '0000-00-00 00:00:00', '0000-00-00 00:00:00'),
(47, 'CABN', '0000-00-00 00:00:00', '0000-00-00 00:00:00'),
(48, 'CACA', '0000-00-00 00:00:00', '0000-00-00 00:00:00'),
(49, 'CALA', '0000-00-00 00:00:00', '0000-00-00 00:00:00'),
(50, 'CALB', '0000-00-00 00:00:00', '0000-00-00 00:00:00'),
(51, 'CALC', '0000-00-00 00:00:00', '0000-00-00 00:00:00'),
(52, 'CALI', '0000-00-00 00:00:00', '0000-00-00 00:00:00'),
(53, 'CARI', '0000-00-00 00:00:00', '0000-00-00 00:00:00'),
(54, 'CATA', '0000-00-00 00:00:00', '0000-00-00 00:00:00'),
(55, 'CATM', '0000-00-00 00:00:00', '0000-00-00 00:00:00'),
(56, 'CEA1', '0000-00-00 00:00:00', '0000-00-00 00:00:00'),
(57, 'CEB1', '0000-00-00 00:00:00', '0000-00-00 00:00:00'),
(58, 'CEBA', '0000-00-00 00:00:00', '0000-00-00 00:00:00'),
(59, 'CEBB', '0000-00-00 00:00:00', '0000-00-00 00:00:00'),
(60, 'CEBC', '0000-00-00 00:00:00', '0000-00-00 00:00:00'),
(61, 'CEBD', '0000-00-00 00:00:00', '0000-00-00 00:00:00'),
(62, 'CEBU', '0000-00-00 00:00:00', '0000-00-00 00:00:00'),
(63, 'CG95', '0000-00-00 00:00:00', '0000-00-00 00:00:00'),
(64, 'CLAV', '0000-00-00 00:00:00', '0000-00-00 00:00:00'),
(65, 'CLYN', '0000-00-00 00:00:00', '0000-00-00 00:00:00'),
(66, 'CMGN', '0000-00-00 00:00:00', '0000-00-00 00:00:00'),
(67, 'CMN2', '0000-00-00 00:00:00', '0000-00-00 00:00:00'),
(68, 'CMS2', '0000-00-00 00:00:00', '0000-00-00 00:00:00'),
(69, 'CNTA', '0000-00-00 00:00:00', '0000-00-00 00:00:00'),
(70, 'COTA', '0000-00-00 00:00:00', '0000-00-00 00:00:00'),
(71, 'COTB', '0000-00-00 00:00:00', '0000-00-00 00:00:00'),
(72, 'COTC', '0000-00-00 00:00:00', '0000-00-00 00:00:00'),
(73, 'COTD', '0000-00-00 00:00:00', '0000-00-00 00:00:00'),
(74, 'COTE', '0000-00-00 00:00:00', '0000-00-00 00:00:00'),
(75, 'COTF', '0000-00-00 00:00:00', '0000-00-00 00:00:00'),
(76, 'COTG', '0000-00-00 00:00:00', '0000-00-00 00:00:00'),
(77, 'COTH', '0000-00-00 00:00:00', '0000-00-00 00:00:00'),
(78, 'CRIS', '0000-00-00 00:00:00', '0000-00-00 00:00:00'),
(79, 'CRLN', '0000-00-00 00:00:00', '0000-00-00 00:00:00'),
(80, 'CTE1', '0000-00-00 00:00:00', '0000-00-00 00:00:00'),
(81, 'CUSV', '0000-00-00 00:00:00', '0000-00-00 00:00:00'),
(82, 'CUYP', '0000-00-00 00:00:00', '0000-00-00 00:00:00'),
(83, 'DAEJ', '0000-00-00 00:00:00', '0000-00-00 00:00:00'),
(84, 'DARW', '0000-00-00 00:00:00', '0000-00-00 00:00:00'),
(85, 'DIMA', '0000-00-00 00:00:00', '0000-00-00 00:00:00'),
(86, 'DINA', '0000-00-00 00:00:00', '0000-00-00 00:00:00'),
(87, 'DIPA', '0000-00-00 00:00:00', '0000-00-00 00:00:00'),
(88, 'DULA', '0000-00-00 00:00:00', '0000-00-00 00:00:00'),
(89, 'ELNA', '0000-00-00 00:00:00', '0000-00-00 00:00:00'),
(90, 'GABU', '0000-00-00 00:00:00', '0000-00-00 00:00:00'),
(91, 'GONZ', '0000-00-00 00:00:00', '0000-00-00 00:00:00'),
(92, 'GUAM', '0000-00-00 00:00:00', '0000-00-00 00:00:00'),
(93, 'GUIN', '0000-00-00 00:00:00', '0000-00-00 00:00:00'),
(94, 'GUMA', '0000-00-00 00:00:00', '0000-00-00 00:00:00'),
(95, 'GUNG', '0000-00-00 00:00:00', '0000-00-00 00:00:00'),
(96, 'GUNY', '0000-00-00 00:00:00', '0000-00-00 00:00:00'),
(97, 'HINA', '0000-00-00 00:00:00', '0000-00-00 00:00:00'),
(98, 'IBAZ', '0000-00-00 00:00:00', '0000-00-00 00:00:00'),
(99, 'IFG1', '0000-00-00 00:00:00', '0000-00-00 00:00:00'),
(100, 'IFR3', '0000-00-00 00:00:00', '0000-00-00 00:00:00'),
(101, 'ILN3', '0000-00-00 00:00:00', '0000-00-00 00:00:00'),
(102, 'ILO1', '0000-00-00 00:00:00', '0000-00-00 00:00:00'),
(103, 'ILO2', '0000-00-00 00:00:00', '0000-00-00 00:00:00'),
(104, 'INFA', '0000-00-00 00:00:00', '0000-00-00 00:00:00'),
(105, 'IS26', '0000-00-00 00:00:00', '0000-00-00 00:00:00'),
(106, 'IS31', '0000-00-00 00:00:00', '0000-00-00 00:00:00'),
(107, 'ISAB', '0000-00-00 00:00:00', '0000-00-00 00:00:00'),
(108, 'ISB4', '0000-00-00 00:00:00', '0000-00-00 00:00:00'),
(109, 'ITBA', '0000-00-00 00:00:00', '0000-00-00 00:00:00'),
(110, 'ITGN', '0000-00-00 00:00:00', '0000-00-00 00:00:00'),
(111, 'JOSE', '0000-00-00 00:00:00', '0000-00-00 00:00:00'),
(112, 'KA08', '0000-00-00 00:00:00', '0000-00-00 00:00:00'),
(113, 'KAYT', '0000-00-00 00:00:00', '0000-00-00 00:00:00'),
(114, 'KIBU', '0000-00-00 00:00:00', '0000-00-00 00:00:00'),
(115, 'KUNM', '0000-00-00 00:00:00', '0000-00-00 00:00:00'),
(116, 'KVMN', '0000-00-00 00:00:00', '0000-00-00 00:00:00'),
(117, 'LABO', '0000-00-00 00:00:00', '0000-00-00 00:00:00'),
(118, 'LAGW', '0000-00-00 00:00:00', '0000-00-00 00:00:00'),
(119, 'LAPS', '0000-00-00 00:00:00', '0000-00-00 00:00:00'),
(120, 'LAPU', '0000-00-00 00:00:00', '0000-00-00 00:00:00'),
(121, 'LBAN', '0000-00-00 00:00:00', '0000-00-00 00:00:00'),
(122, 'LEA1', '0000-00-00 00:00:00', '0000-00-00 00:00:00'),
(123, 'LEB1', '0000-00-00 00:00:00', '0000-00-00 00:00:00'),
(124, 'LEB2', '0000-00-00 00:00:00', '0000-00-00 00:00:00'),
(125, 'LEC1', '0000-00-00 00:00:00', '0000-00-00 00:00:00'),
(126, 'LEC2', '0000-00-00 00:00:00', '0000-00-00 00:00:00'),
(127, 'LED1', '0000-00-00 00:00:00', '0000-00-00 00:00:00'),
(128, 'LEF1', '0000-00-00 00:00:00', '0000-00-00 00:00:00'),
(129, 'LEH1', '0000-00-00 00:00:00', '0000-00-00 00:00:00'),
(130, 'LEYA', '0000-00-00 00:00:00', '0000-00-00 00:00:00'),
(131, 'LEYB', '0000-00-00 00:00:00', '0000-00-00 00:00:00'),
(132, 'LEYC', '0000-00-00 00:00:00', '0000-00-00 00:00:00'),
(133, 'LEYD', '0000-00-00 00:00:00', '0000-00-00 00:00:00'),
(134, 'LEYE', '0000-00-00 00:00:00', '0000-00-00 00:00:00'),
(135, 'LEYF', '0000-00-00 00:00:00', '0000-00-00 00:00:00'),
(136, 'LEYG', '0000-00-00 00:00:00', '0000-00-00 00:00:00'),
(137, 'LEYH', '0000-00-00 00:00:00', '0000-00-00 00:00:00'),
(138, 'LEYJ', '0000-00-00 00:00:00', '0000-00-00 00:00:00'),
(139, 'LEYM', '0000-00-00 00:00:00', '0000-00-00 00:00:00'),
(140, 'LEYO', '0000-00-00 00:00:00', '0000-00-00 00:00:00'),
(141, 'LGYE', '0000-00-00 00:00:00', '0000-00-00 00:00:00'),
(142, 'LGYN', '0000-00-00 00:00:00', '0000-00-00 00:00:00'),
(143, 'LHOV', '0000-00-00 00:00:00', '0000-00-00 00:00:00'),
(144, 'LIBA', '0000-00-00 00:00:00', '0000-00-00 00:00:00'),
(145, 'LIDO', '0000-00-00 00:00:00', '0000-00-00 00:00:00'),
(146, 'LOPE', '0000-00-00 00:00:00', '0000-00-00 00:00:00'),
(147, 'LUBU', '0000-00-00 00:00:00', '0000-00-00 00:00:00'),
(148, 'LUCB', '0000-00-00 00:00:00', '0000-00-00 00:00:00'),
(149, 'LUN1', '0000-00-00 00:00:00', '0000-00-00 00:00:00'),
(150, 'LUN2', '0000-00-00 00:00:00', '0000-00-00 00:00:00'),
(151, 'LUZA', '0000-00-00 00:00:00', '0000-00-00 00:00:00'),
(152, 'LUZB', '0000-00-00 00:00:00', '0000-00-00 00:00:00'),
(153, 'LUZC', '0000-00-00 00:00:00', '0000-00-00 00:00:00'),
(154, 'LUZD', '0000-00-00 00:00:00', '0000-00-00 00:00:00'),
(155, 'LUZE', '0000-00-00 00:00:00', '0000-00-00 00:00:00'),
(156, 'LUZF', '0000-00-00 00:00:00', '0000-00-00 00:00:00'),
(157, 'LUZG', '0000-00-00 00:00:00', '0000-00-00 00:00:00'),
(158, 'LUZH', '0000-00-00 00:00:00', '0000-00-00 00:00:00'),
(159, 'LUZI', '0000-00-00 00:00:00', '0000-00-00 00:00:00'),
(160, 'LUZL', '0000-00-00 00:00:00', '0000-00-00 00:00:00'),
(161, 'LUZN', '0000-00-00 00:00:00', '0000-00-00 00:00:00'),
(162, 'LUZP', '0000-00-00 00:00:00', '0000-00-00 00:00:00'),
(163, 'LUZR', '0000-00-00 00:00:00', '0000-00-00 00:00:00'),
(164, 'LZA1', '0000-00-00 00:00:00', '0000-00-00 00:00:00'),
(165, 'LZC1', '0000-00-00 00:00:00', '0000-00-00 00:00:00'),
(166, 'MAA1', '0000-00-00 00:00:00', '0000-00-00 00:00:00'),
(167, 'MAB1', '0000-00-00 00:00:00', '0000-00-00 00:00:00'),
(168, 'MAB2', '0000-00-00 00:00:00', '0000-00-00 00:00:00'),
(169, 'MABN', '0000-00-00 00:00:00', '0000-00-00 00:00:00'),
(170, 'MAC2', '0000-00-00 00:00:00', '0000-00-00 00:00:00'),
(171, 'MACR', '0000-00-00 00:00:00', '0000-00-00 00:00:00'),
(172, 'MAD1', '0000-00-00 00:00:00', '0000-00-00 00:00:00'),
(173, 'MAD2', '0000-00-00 00:00:00', '0000-00-00 00:00:00'),
(174, 'MAE1', '0000-00-00 00:00:00', '0000-00-00 00:00:00'),
(175, 'MAF1', '0000-00-00 00:00:00', '0000-00-00 00:00:00'),
(176, 'MAGA', '0000-00-00 00:00:00', '0000-00-00 00:00:00'),
(177, 'MAL1', '0000-00-00 00:00:00', '0000-00-00 00:00:00'),
(178, 'MALA', '0000-00-00 00:00:00', '0000-00-00 00:00:00'),
(179, 'MALG', '0000-00-00 00:00:00', '0000-00-00 00:00:00'),
(180, 'MALS', '0000-00-00 00:00:00', '0000-00-00 00:00:00'),
(181, 'MALY', '0000-00-00 00:00:00', '0000-00-00 00:00:00'),
(182, 'MAMB', '0000-00-00 00:00:00', '0000-00-00 00:00:00'),
(183, 'MAR2', '0000-00-00 00:00:00', '0000-00-00 00:00:00'),
(184, 'MARI', '0000-00-00 00:00:00', '0000-00-00 00:00:00'),
(185, 'MARK', '0000-00-00 00:00:00', '0000-00-00 00:00:00'),
(186, 'MARL', '0000-00-00 00:00:00', '0000-00-00 00:00:00'),
(187, 'MASA', '0000-00-00 00:00:00', '0000-00-00 00:00:00'),
(188, 'MASB', '0000-00-00 00:00:00', '0000-00-00 00:00:00'),
(189, 'MASC', '0000-00-00 00:00:00', '0000-00-00 00:00:00'),
(190, 'MASD', '0000-00-00 00:00:00', '0000-00-00 00:00:00'),
(191, 'MASE', '0000-00-00 00:00:00', '0000-00-00 00:00:00'),
(192, 'MASF', '0000-00-00 00:00:00', '0000-00-00 00:00:00'),
(193, 'MASG', '0000-00-00 00:00:00', '0000-00-00 00:00:00'),
(194, 'MASH', '0000-00-00 00:00:00', '0000-00-00 00:00:00'),
(195, 'MASI', '0000-00-00 00:00:00', '0000-00-00 00:00:00'),
(196, 'MASJ', '0000-00-00 00:00:00', '0000-00-00 00:00:00'),
(197, 'MASK', '0000-00-00 00:00:00', '0000-00-00 00:00:00'),
(198, 'MASL', '0000-00-00 00:00:00', '0000-00-00 00:00:00'),
(199, 'MATA', '0000-00-00 00:00:00', '0000-00-00 00:00:00'),
(200, 'MAUB', '0000-00-00 00:00:00', '0000-00-00 00:00:00'),
(201, 'MAYA', '0000-00-00 00:00:00', '0000-00-00 00:00:00'),
(202, 'MDQT', '0000-00-00 00:00:00', '0000-00-00 00:00:00'),
(203, 'MDVS', '0000-00-00 00:00:00', '0000-00-00 00:00:00'),
(204, 'MNAY', '0000-00-00 00:00:00', '0000-00-00 00:00:00'),
(205, 'MPCK', '0000-00-00 00:00:00', '0000-00-00 00:00:00'),
(206, 'MPV1', '0000-00-00 00:00:00', '0000-00-00 00:00:00'),
(207, 'MRHO', '0000-00-00 00:00:00', '0000-00-00 00:00:00'),
(208, 'MRIK', '0000-00-00 00:00:00', '0000-00-00 00:00:00'),
(209, 'MRK1', '0000-00-00 00:00:00', '0000-00-00 00:00:00'),
(210, 'MRK5', '0000-00-00 00:00:00', '0000-00-00 00:00:00'),
(211, 'MSW3', '0000-00-00 00:00:00', '0000-00-00 00:00:00'),
(212, 'MUNT', '0000-00-00 00:00:00', '0000-00-00 00:00:00'),
(213, 'MUNZ', '0000-00-00 00:00:00', '0000-00-00 00:00:00'),
(214, 'MVBM', '0000-00-00 00:00:00', '0000-00-00 00:00:00'),
(215, 'MVCH', '0000-00-00 00:00:00', '0000-00-00 00:00:00'),
(216, 'MVIC', '0000-00-00 00:00:00', '0000-00-00 00:00:00'),
(217, 'MVLC', '0000-00-00 00:00:00', '0000-00-00 00:00:00'),
(218, 'MVMH', '0000-00-00 00:00:00', '0000-00-00 00:00:00'),
(219, 'MVML', '0000-00-00 00:00:00', '0000-00-00 00:00:00'),
(220, 'MVMN', '0000-00-00 00:00:00', '0000-00-00 00:00:00'),
(221, 'MVMP', '0000-00-00 00:00:00', '0000-00-00 00:00:00'),
(222, 'MVMR', '0000-00-00 00:00:00', '0000-00-00 00:00:00'),
(223, 'MVMY', '0000-00-00 00:00:00', '0000-00-00 00:00:00'),
(224, 'MVSB', '0000-00-00 00:00:00', '0000-00-00 00:00:00'),
(225, 'MVSC', '0000-00-00 00:00:00', '0000-00-00 00:00:00'),
(226, 'MVSM', '0000-00-00 00:00:00', '0000-00-00 00:00:00'),
(227, 'MVUP', '0000-00-00 00:00:00', '0000-00-00 00:00:00'),
(228, 'N132', '0000-00-00 00:00:00', '0000-00-00 00:00:00'),
(229, 'N47A', '0000-00-00 00:00:00', '0000-00-00 00:00:00'),
(230, 'N688', '0000-00-00 00:00:00', '0000-00-00 00:00:00'),
(231, 'NAMR', '0000-00-00 00:00:00', '0000-00-00 00:00:00'),
(232, 'NAUJ', '0000-00-00 00:00:00', '0000-00-00 00:00:00'),
(233, 'NAV1', '0000-00-00 00:00:00', '0000-00-00 00:00:00'),
(234, 'NAVA', '0000-00-00 00:00:00', '0000-00-00 00:00:00'),
(235, 'NE21', '0000-00-00 00:00:00', '0000-00-00 00:00:00'),
(236, 'NLCE', '0000-00-00 00:00:00', '0000-00-00 00:00:00'),
(237, 'NLCR', '0000-00-00 00:00:00', '0000-00-00 00:00:00'),
(238, 'NLL1', '0000-00-00 00:00:00', '0000-00-00 00:00:00'),
(239, 'NLL2', '0000-00-00 00:00:00', '0000-00-00 00:00:00'),
(240, 'NLSB', '0000-00-00 00:00:00', '0000-00-00 00:00:00'),
(241, 'NLSI', '0000-00-00 00:00:00', '0000-00-00 00:00:00'),
(242, 'NLSN', '0000-00-00 00:00:00', '0000-00-00 00:00:00'),
(243, 'NMAB', '0000-00-00 00:00:00', '0000-00-00 00:00:00'),
(244, 'NMCO', '0000-00-00 00:00:00', '0000-00-00 00:00:00'),
(245, 'NMLM', '0000-00-00 00:00:00', '0000-00-00 00:00:00'),
(246, 'NMMA', '0000-00-00 00:00:00', '0000-00-00 00:00:00'),
(247, 'NMMB', '0000-00-00 00:00:00', '0000-00-00 00:00:00'),
(248, 'NMSF', '0000-00-00 00:00:00', '0000-00-00 00:00:00'),
(249, 'NMSM', '0000-00-00 00:00:00', '0000-00-00 00:00:00'),
(250, 'NOMA', '0000-00-00 00:00:00', '0000-00-00 00:00:00'),
(251, 'NOMB', '0000-00-00 00:00:00', '0000-00-00 00:00:00'),
(252, 'NOMC', '0000-00-00 00:00:00', '0000-00-00 00:00:00'),
(253, 'NOMD', '0000-00-00 00:00:00', '0000-00-00 00:00:00'),
(254, 'NOME', '0000-00-00 00:00:00', '0000-00-00 00:00:00'),
(255, 'NOMF', '0000-00-00 00:00:00', '0000-00-00 00:00:00'),
(256, 'NOMG', '0000-00-00 00:00:00', '0000-00-00 00:00:00'),
(257, 'NOMH', '0000-00-00 00:00:00', '0000-00-00 00:00:00'),
(258, 'NOMI', '0000-00-00 00:00:00', '0000-00-00 00:00:00'),
(259, 'NOMK', '0000-00-00 00:00:00', '0000-00-00 00:00:00'),
(260, 'NOML', '0000-00-00 00:00:00', '0000-00-00 00:00:00'),
(261, 'NOMZ', '0000-00-00 00:00:00', '0000-00-00 00:00:00'),
(262, 'NPAK', '0000-00-00 00:00:00', '0000-00-00 00:00:00'),
(263, 'NPAL', '0000-00-00 00:00:00', '0000-00-00 00:00:00'),
(264, 'NPIE', '0000-00-00 00:00:00', '0000-00-00 00:00:00'),
(265, 'NTUS', '0000-00-00 00:00:00', '0000-00-00 00:00:00'),
(266, 'NV47', '0000-00-00 00:00:00', '0000-00-00 00:00:00'),
(267, 'NVSM', '0000-00-00 00:00:00', '0000-00-00 00:00:00'),
(268, 'NVY2', '0000-00-00 00:00:00', '0000-00-00 00:00:00'),
(269, 'NVY3', '0000-00-00 00:00:00', '0000-00-00 00:00:00'),
(270, 'NVY9', '0000-00-00 00:00:00', '0000-00-00 00:00:00'),
(271, 'ODON', '0000-00-00 00:00:00', '0000-00-00 00:00:00'),
(272, 'PABL', '0000-00-00 00:00:00', '0000-00-00 00:00:00'),
(273, 'PAGP', '0000-00-00 00:00:00', '0000-00-00 00:00:00'),
(274, 'PAGU', '0000-00-00 00:00:00', '0000-00-00 00:00:00'),
(275, 'PALA', '0000-00-00 00:00:00', '0000-00-00 00:00:00'),
(276, 'PALM', '0000-00-00 00:00:00', '0000-00-00 00:00:00'),
(277, 'PANC', '0000-00-00 00:00:00', '0000-00-00 00:00:00'),
(278, 'PBAY', '0000-00-00 00:00:00', '0000-00-00 00:00:00'),
(279, 'PCAB', '0000-00-00 00:00:00', '0000-00-00 00:00:00'),
(280, 'PCAN', '0000-00-00 00:00:00', '0000-00-00 00:00:00'),
(281, 'PCB2', '0000-00-00 00:00:00', '0000-00-00 00:00:00'),
(282, 'PDAV', '0000-00-00 00:00:00', '0000-00-00 00:00:00'),
(283, 'PERT', '0000-00-00 00:00:00', '0000-00-00 00:00:00'),
(284, 'PFLO', '0000-00-00 00:00:00', '0000-00-00 00:00:00'),
(285, 'PGEN', '0000-00-00 00:00:00', '0000-00-00 00:00:00'),
(286, 'PHIC', '0000-00-00 00:00:00', '0000-00-00 00:00:00'),
(287, 'PHIV', '0000-00-00 00:00:00', '0000-00-00 00:00:00'),
(288, 'PIBU', '0000-00-00 00:00:00', '0000-00-00 00:00:00'),
(289, 'PILC', '0000-00-00 00:00:00', '0000-00-00 00:00:00'),
(290, 'PIMO', '0000-00-00 00:00:00', '0000-00-00 00:00:00'),
(291, 'PIVS', '0000-00-00 00:00:00', '0000-00-00 00:00:00'),
(292, 'PLEG', '0000-00-00 00:00:00', '0000-00-00 00:00:00'),
(293, 'PLWN', '0000-00-00 00:00:00', '0000-00-00 00:00:00'),
(294, 'PLYN', '0000-00-00 00:00:00', '0000-00-00 00:00:00'),
(295, 'PNBO', '0000-00-00 00:00:00', '0000-00-00 00:00:00'),
(296, 'PNG3', '0000-00-00 00:00:00', '0000-00-00 00:00:00'),
(297, 'PNG5', '0000-00-00 00:00:00', '0000-00-00 00:00:00'),
(298, 'POLI', '0000-00-00 00:00:00', '0000-00-00 00:00:00'),
(299, 'POTR', '0000-00-00 00:00:00', '0000-00-00 00:00:00'),
(300, 'PPPC', '0000-00-00 00:00:00', '0000-00-00 00:00:00'),
(301, 'PSTC', '0000-00-00 00:00:00', '0000-00-00 00:00:00'),
(302, 'PSUR', '0000-00-00 00:00:00', '0000-00-00 00:00:00'),
(303, 'PTAC', '0000-00-00 00:00:00', '0000-00-00 00:00:00'),
(304, 'PTAG', '0000-00-00 00:00:00', '0000-00-00 00:00:00'),
(305, 'PTBN', '0000-00-00 00:00:00', '0000-00-00 00:00:00'),
(306, 'PTGY', '0000-00-00 00:00:00', '0000-00-00 00:00:00'),
(307, 'PUER', '0000-00-00 00:00:00', '0000-00-00 00:00:00'),
(308, 'PUGA', '0000-00-00 00:00:00', '0000-00-00 00:00:00'),
(309, 'PURD', '0000-00-00 00:00:00', '0000-00-00 00:00:00'),
(310, 'QN42', '0000-00-00 00:00:00', '0000-00-00 00:00:00'),
(311, 'QZN2', '0000-00-00 00:00:00', '0000-00-00 00:00:00'),
(312, 'QZN3', '0000-00-00 00:00:00', '0000-00-00 00:00:00'),
(313, 'QZN6', '0000-00-00 00:00:00', '0000-00-00 00:00:00'),
(314, 'RCPS', '0000-00-00 00:00:00', '0000-00-00 00:00:00'),
(315, 'ROXA', '0000-00-00 00:00:00', '0000-00-00 00:00:00'),
(316, 'S289', '0000-00-00 00:00:00', '0000-00-00 00:00:00'),
(317, 'SABL', '0000-00-00 00:00:00', '0000-00-00 00:00:00'),
(318, 'SANA', '0000-00-00 00:00:00', '0000-00-00 00:00:00'),
(319, 'SHAO', '0000-00-00 00:00:00', '0000-00-00 00:00:00'),
(320, 'SIBA', '0000-00-00 00:00:00', '0000-00-00 00:00:00'),
(321, 'SIBB', '0000-00-00 00:00:00', '0000-00-00 00:00:00'),
(322, 'SIBC', '0000-00-00 00:00:00', '0000-00-00 00:00:00'),
(323, 'SIBD', '0000-00-00 00:00:00', '0000-00-00 00:00:00'),
(324, 'SIBE', '0000-00-00 00:00:00', '0000-00-00 00:00:00'),
(325, 'SIBF', '0000-00-00 00:00:00', '0000-00-00 00:00:00'),
(326, 'SIBH', '0000-00-00 00:00:00', '0000-00-00 00:00:00'),
(327, 'SIBI', '0000-00-00 00:00:00', '0000-00-00 00:00:00'),
(328, 'SIBJ', '0000-00-00 00:00:00', '0000-00-00 00:00:00'),
(329, 'SIBK', '0000-00-00 00:00:00', '0000-00-00 00:00:00'),
(330, 'SIBL', '0000-00-00 00:00:00', '0000-00-00 00:00:00'),
(331, 'SINA', '0000-00-00 00:00:00', '0000-00-00 00:00:00'),
(332, 'SINB', '0000-00-00 00:00:00', '0000-00-00 00:00:00'),
(333, 'SINC', '0000-00-00 00:00:00', '0000-00-00 00:00:00'),
(334, 'SIND', '0000-00-00 00:00:00', '0000-00-00 00:00:00'),
(335, 'SINE', '0000-00-00 00:00:00', '0000-00-00 00:00:00'),
(336, 'SINF', '0000-00-00 00:00:00', '0000-00-00 00:00:00'),
(337, 'SING', '0000-00-00 00:00:00', '0000-00-00 00:00:00'),
(338, 'SINH', '0000-00-00 00:00:00', '0000-00-00 00:00:00'),
(339, 'SINI', '0000-00-00 00:00:00', '0000-00-00 00:00:00'),
(340, 'SISN', '0000-00-00 00:00:00', '0000-00-00 00:00:00'),
(341, 'SJAQ', '0000-00-00 00:00:00', '0000-00-00 00:00:00'),
(342, 'SLSB', '0000-00-00 00:00:00', '0000-00-00 00:00:00'),
(343, 'SMAT', '0000-00-00 00:00:00', '0000-00-00 00:00:00'),
(344, 'SMCL', '0000-00-00 00:00:00', '0000-00-00 00:00:00'),
(345, 'SMCP', '0000-00-00 00:00:00', '0000-00-00 00:00:00'),
(346, 'SMD1', '0000-00-00 00:00:00', '0000-00-00 00:00:00'),
(347, 'SMDB', '0000-00-00 00:00:00', '0000-00-00 00:00:00'),
(348, 'SMDM', '0000-00-00 00:00:00', '0000-00-00 00:00:00'),
(349, 'SMDS', '0000-00-00 00:00:00', '0000-00-00 00:00:00'),
(350, 'SMDT', '0000-00-00 00:00:00', '0000-00-00 00:00:00'),
(351, 'SMMM', '0000-00-00 00:00:00', '0000-00-00 00:00:00'),
(352, 'SMSK', '0000-00-00 00:00:00', '0000-00-00 00:00:00'),
(353, 'SNNI', '0000-00-00 00:00:00', '0000-00-00 00:00:00'),
(354, 'SOLA', '0000-00-00 00:00:00', '0000-00-00 00:00:00'),
(355, 'SOLB', '0000-00-00 00:00:00', '0000-00-00 00:00:00'),
(356, 'SOLC', '0000-00-00 00:00:00', '0000-00-00 00:00:00'),
(357, 'SOLD', '0000-00-00 00:00:00', '0000-00-00 00:00:00'),
(358, 'SOLE', '0000-00-00 00:00:00', '0000-00-00 00:00:00'),
(359, 'SOLF', '0000-00-00 00:00:00', '0000-00-00 00:00:00'),
(360, 'SOLG', '0000-00-00 00:00:00', '0000-00-00 00:00:00'),
(361, 'SOLH', '0000-00-00 00:00:00', '0000-00-00 00:00:00'),
(362, 'SOLI', '0000-00-00 00:00:00', '0000-00-00 00:00:00'),
(363, 'SOLJ', '0000-00-00 00:00:00', '0000-00-00 00:00:00'),
(364, 'SOLK', '0000-00-00 00:00:00', '0000-00-00 00:00:00'),
(365, 'SOLL', '0000-00-00 00:00:00', '0000-00-00 00:00:00'),
(366, 'SOMA', '0000-00-00 00:00:00', '0000-00-00 00:00:00'),
(367, 'SOMB', '0000-00-00 00:00:00', '0000-00-00 00:00:00'),
(368, 'SOMC', '0000-00-00 00:00:00', '0000-00-00 00:00:00'),
(369, 'SOMD', '0000-00-00 00:00:00', '0000-00-00 00:00:00'),
(370, 'SOME', '0000-00-00 00:00:00', '0000-00-00 00:00:00'),
(371, 'SOMF', '0000-00-00 00:00:00', '0000-00-00 00:00:00'),
(372, 'SOMG', '0000-00-00 00:00:00', '0000-00-00 00:00:00'),
(373, 'SOMH', '0000-00-00 00:00:00', '0000-00-00 00:00:00'),
(374, 'SOMI', '0000-00-00 00:00:00', '0000-00-00 00:00:00'),
(375, 'SOMJ', '0000-00-00 00:00:00', '0000-00-00 00:00:00'),
(376, 'SOMK', '0000-00-00 00:00:00', '0000-00-00 00:00:00'),
(377, 'SOML', '0000-00-00 00:00:00', '0000-00-00 00:00:00'),
(378, 'SOMM', '0000-00-00 00:00:00', '0000-00-00 00:00:00'),
(379, 'SONO', '0000-00-00 00:00:00', '0000-00-00 00:00:00'),
(380, 'SPAB', '0000-00-00 00:00:00', '0000-00-00 00:00:00'),
(381, 'SRQE', '0000-00-00 00:00:00', '0000-00-00 00:00:00'),
(382, 'STNA', '0000-00-00 00:00:00', '0000-00-00 00:00:00'),
(383, 'SUAL', '0000-00-00 00:00:00', '0000-00-00 00:00:00'),
(384, 'TABA', '0000-00-00 00:00:00', '0000-00-00 00:00:00'),
(385, 'TACB', '0000-00-00 00:00:00', '0000-00-00 00:00:00'),
(386, 'TACL', '0000-00-00 00:00:00', '0000-00-00 00:00:00'),
(387, 'TAFT', '0000-00-00 00:00:00', '0000-00-00 00:00:00'),
(388, 'TAGA', '0000-00-00 00:00:00', '0000-00-00 00:00:00'),
(389, 'TAGB', '0000-00-00 00:00:00', '0000-00-00 00:00:00'),
(390, 'TAIW', '0000-00-00 00:00:00', '0000-00-00 00:00:00'),
(391, 'TANY', '0000-00-00 00:00:00', '0000-00-00 00:00:00'),
(392, 'TARL', '0000-00-00 00:00:00', '0000-00-00 00:00:00'),
(393, 'TAWI', '0000-00-00 00:00:00', '0000-00-00 00:00:00'),
(394, 'TCGN', '0000-00-00 00:00:00', '0000-00-00 00:00:00'),
(395, 'TGDN', '0000-00-00 00:00:00', '0000-00-00 00:00:00'),
(396, 'TNDG', '0000-00-00 00:00:00', '0000-00-00 00:00:00'),
(397, 'TNML', '0000-00-00 00:00:00', '0000-00-00 00:00:00'),
(398, 'TOF1', '0000-00-00 00:00:00', '0000-00-00 00:00:00'),
(399, 'TONA', '0000-00-00 00:00:00', '0000-00-00 00:00:00'),
(400, 'TONF', '0000-00-00 00:00:00', '0000-00-00 00:00:00'),
(401, 'TONU', '0000-00-00 00:00:00', '0000-00-00 00:00:00'),
(402, 'TONW', '0000-00-00 00:00:00', '0000-00-00 00:00:00'),
(403, 'TRC3', '0000-00-00 00:00:00', '0000-00-00 00:00:00'),
(404, 'TRL1', '0000-00-00 00:00:00', '0000-00-00 00:00:00'),
(405, 'TRLC', '0000-00-00 00:00:00', '0000-00-00 00:00:00'),
(406, 'TSKB', '0000-00-00 00:00:00', '0000-00-00 00:00:00'),
(407, 'TUAO', '0000-00-00 00:00:00', '0000-00-00 00:00:00'),
(408, 'TUKU', '0000-00-00 00:00:00', '0000-00-00 00:00:00'),
(409, 'TWTF', '0000-00-00 00:00:00', '0000-00-00 00:00:00'),
(410, 'UP02', '0000-00-00 00:00:00', '0000-00-00 00:00:00'),
(411, 'URDT', '0000-00-00 00:00:00', '0000-00-00 00:00:00'),
(412, 'USUD', '0000-00-00 00:00:00', '0000-00-00 00:00:00'),
(413, 'VIGN', '0000-00-00 00:00:00', '0000-00-00 00:00:00'),
(414, 'VMAN', '0000-00-00 00:00:00', '0000-00-00 00:00:00'),
(415, 'VMRH', '0000-00-00 00:00:00', '0000-00-00 00:00:00'),
(416, 'VMSM', '0000-00-00 00:00:00', '0000-00-00 00:00:00'),
(417, 'VRAC', '0000-00-00 00:00:00', '0000-00-00 00:00:00'),
(418, 'VRC1', '0000-00-00 00:00:00', '0000-00-00 00:00:00'),
(419, 'VRC2', '0000-00-00 00:00:00', '0000-00-00 00:00:00'),
(420, 'VRC3', '0000-00-00 00:00:00', '0000-00-00 00:00:00'),
(421, 'VRC4', '0000-00-00 00:00:00', '0000-00-00 00:00:00'),
(422, 'VTBM', '0000-00-00 00:00:00', '0000-00-00 00:00:00'),
(423, 'VTCT', '0000-00-00 00:00:00', '0000-00-00 00:00:00'),
(424, 'VTDK', '0000-00-00 00:00:00', '0000-00-00 00:00:00'),
(425, 'WUHA', '0000-00-00 00:00:00', '0000-00-00 00:00:00'),
(426, 'WUHN', '0000-00-00 00:00:00', '0000-00-00 00:00:00'),
(427, 'ZBS1', '0000-00-00 00:00:00', '0000-00-00 00:00:00'),
(428, 'ZBS3', '0000-00-00 00:00:00', '0000-00-00 00:00:00'),
(429, 'ZMPS', '0000-00-00 00:00:00', '0000-00-00 00:00:00'),
(432, 'TUCP', '2017-05-05 00:52:07', '2017-05-05 00:52:07'),
(433, 'SRCP', '2017-05-10 04:55:35', '2017-05-10 04:55:35'),
(434, 'BCCP', '2017-05-10 07:57:50', '2017-05-10 07:57:50'),
(435, 'SBOL', '2017-05-10 08:20:17', '2017-05-10 08:20:17'),
(436, 'SBOI', '2017-05-16 06:03:16', '2017-05-16 06:03:16'),
(437, 'CCA5', '2017-05-17 02:28:26', '2017-05-17 02:28:26'),
(438, 'TING', '2017-05-17 02:48:00', '2017-05-17 02:48:00');


INSERT INTO `staffs` (`id`, `first_name`, `last_name`, `nickname`, `office_location`, `birthday`, `createdAt`, `updatedAt`, `positionId`, `divisionId`) VALUES
(1, 'Teresito', 'Bacolcol ', 'Toto', 'Main Office', '1973-03-30 16:00:00', '2017-04-10 02:57:41', '2017-04-10 02:57:41', 1, 1),
(2, 'Alfie', 'Pelicano', 'Alfie', 'Main Office', '1982-11-02 16:00:00', '2017-04-10 03:03:19', '2017-04-10 03:03:19', 4, 1),
(3, 'Genesis', 'Sapla', 'Geno', 'Main Office', '1987-11-18 16:00:00', '2017-04-10 03:12:35', '2017-04-10 03:12:35', 5, 1),
(4, 'Bryan', 'Marfito', 'Bryan', 'Main Office', '1993-07-20 16:00:00', '2017-04-10 03:18:31', '2017-04-10 03:18:31', 5, 1),
(5, 'Marion', 'Paras', 'Marion', 'Main Office', '1994-08-09 16:00:00', '2017-04-10 03:29:22', '2017-04-10 03:29:22', 7, 1),
(6, 'Zachary', 'Ragadio', 'Zach', 'Main Office', '1990-09-20 16:00:00', '2017-04-10 03:37:03', '2017-04-10 03:37:03', 7, 1),
(7, 'Alberto', 'Baloto', 'Albert', 'Main Office', '1972-06-18 16:00:00', '2017-04-10 03:40:56', '2017-04-10 03:40:56', 7, 1),
(8, 'Michael John', 'Peralta', 'Michael', 'Main Office', '1988-07-29 16:00:00', '2017-04-10 03:44:21', '2017-04-10 03:44:21', 7, 1),
(9, 'Oriel Vinci', 'Absin', 'Oriel', 'Main Office', '1989-12-02 16:00:00', '2017-04-10 04:28:26', '2017-04-10 04:28:26', 7, 1),
(10, 'Reuscelle', 'Lafrades', 'Celle', 'Main Office', '1994-06-01 16:00:00', '2017-04-10 04:51:57', '2017-04-10 04:51:57', 7, 1),
(11, 'Deo', 'Llamas', 'Deo', 'Main Office', '1993-10-08 16:00:00', '2017-04-10 05:00:02', '2017-04-10 05:00:02', 5, 1),
(12, 'Robelyn', 'Mangahas', 'Robelyn', 'Main Office', '1992-10-07 16:00:00', '2017-04-10 05:11:53', '2017-04-10 05:11:53', 5, 1),
(13, 'Kimberly', 'Vitto', 'Kim', 'Main Office', '1992-04-27 16:00:00', '2017-04-10 06:31:55', '2017-04-10 06:31:55', 5, 1),
(14, 'Ronald', 'Dela Cruz', 'Ronald', 'Masbate', '1969-09-09 16:00:00', '2017-04-10 06:38:39', '2017-04-10 06:38:39', 2, 2),
(15, 'Robinson', 'Jorgio', 'Bombom', 'Lapu-Lapu', '1967-04-27 16:00:00', '2017-04-10 06:41:45', '2017-04-10 06:41:45', 5, 2),
(16, 'Allan', 'Labayog', 'Allan', 'Zamboanga', '1979-04-20 16:00:00', '2017-04-10 07:14:09', '2017-04-10 07:14:09', 2, 2),
(17, 'Roberto', 'Esplida', 'Robert', 'Puerto Princesa', '1972-06-12 16:00:00', '2017-04-10 07:30:32', '2017-04-10 07:30:32', 2, 2),
(18, 'Jaime', 'Marjes', 'Jaime', 'Guinyangan', '1957-04-12 16:00:00', '2017-04-10 07:32:23', '2017-04-10 07:32:23', 5, 2),
(19, 'Wilmer ', 'Legaspi', 'Wilmer', 'Palayan', '1967-02-09 16:00:00', '2017-04-10 07:46:04', '2017-04-10 07:46:04', 2, 2),
(20, 'Maricial', 'Vito', 'Maricial', 'Lucban', '1967-11-01 16:00:00', '2017-04-10 08:09:04', '2017-04-10 08:09:04', 3, 2),
(21, 'Nolan', 'Evangelista', 'Nolan', 'Tagbilaran', '1968-10-27 16:00:00', '2017-04-10 08:14:08', '2017-04-10 08:14:08', 2, 2),
(22, 'Milo', 'Tabigue', 'Milo', 'Kidapawan', '1970-03-22 16:00:00', '2017-04-10 08:18:23', '2017-04-10 08:18:23', 2, 2),
(23, 'Eduardo', 'Lauron', 'Bong', 'Zamboanga', '1968-04-22 16:00:00', '2017-04-10 08:21:00', '2017-04-10 08:21:00', 2, 2),
(24, 'Rainier', 'Amilbahar', 'Rainer', 'Cotabato', '1971-06-23 16:00:00', '2017-04-18 01:55:30', '2017-04-18 01:55:30', 2, 2),
(25, 'Rudy', 'Lacson', 'Rudy', 'Main Office', '1971-04-25 16:00:00', '2017-04-18 01:56:41', '2017-04-18 01:56:41', 6, 3),
(26, 'Rey', 'Lumbag', 'Rey', 'Pinatubo', '1971-09-20 16:00:00', '2017-04-18 01:57:48', '2017-04-18 01:57:48', 5, 3),
(27, 'Artemio', 'Luis', 'Bong', 'Main Office', '1971-04-14 16:00:00', '2017-04-18 01:59:05', '2017-04-18 01:59:05', 4, 3),
(28, 'Luisito', 'Salugsugan', 'Diding', 'Hibok-Hibok', '1957-07-23 16:00:00', '2017-04-18 02:25:05', '2017-04-18 02:25:05', 2, 3),
(29, 'Ronald', 'Pigtain', 'Ronald', 'Main Office', '1964-09-15 16:00:00', '2017-04-18 02:26:45', '2017-04-18 02:26:45', 4, 3),
(30, 'Angelo', 'Abang', 'Angelo', 'Hibok-Hibok', '1964-10-13 16:00:00', '2017-04-18 02:28:41', '2017-04-18 02:28:41', 3, 3),
(31, 'Allan ', 'Loza', 'Allan', 'Taal', '1972-04-13 16:00:00', '2017-04-18 02:30:03', '2017-04-18 02:30:03', 5, 3),
(32, 'Renato', 'Garduque', 'Atoy', 'Main Office', '1968-08-02 16:00:00', '2017-04-18 02:31:49', '2017-04-18 02:31:49', 8, 4),
(33, 'Edwin', 'Ariola', 'Nono', 'Main Office', '1959-08-03 16:00:00', '2017-04-18 02:32:48', '2017-04-18 02:32:48', 9, 4),
(34, 'Manolito', 'Begonia', 'Lito', 'Main Office', '1963-01-27 16:00:00', '2017-04-18 02:33:47', '2017-04-18 02:33:47', 9, 4),
(35, 'Eric', 'Tejerero', 'Eric', 'Main Office', '1978-03-04 16:00:00', '2017-04-18 02:34:43', '2017-04-18 02:34:43', 10, 4),
(36, 'Noah', 'Reblora', 'Noah', 'Main Office', '1972-12-10 16:00:00', '2017-04-18 02:35:52', '2017-04-18 02:35:52', 7, 4),
(37, 'Roderick', 'Ramos', 'Deck', 'Main Office', '1973-11-23 16:00:00', '2017-04-18 02:41:40', '2017-04-18 02:41:40', 7, 4),
(38, 'Jay', 'Gusi', 'Jay', 'Main Office', '1973-05-30 16:00:00', '2017-04-18 02:43:17', '2017-04-18 02:43:17', 7, 4);

INSERT INTO `contact_numbers` (`id`, `number`, `createdAt`, `updatedAt`, `staffId`) VALUES
(1, '09209647632', '2017-04-10 02:57:41', '2017-04-10 02:57:41', 1),
(2, '09177021092', '2017-04-10 03:03:19', '2017-04-10 03:03:19', 2),
(3, '09214442132', '2017-04-10 03:03:19', '2017-04-10 03:03:19', 2),
(4, '09064999059', '2017-04-10 03:12:35', '2017-04-10 03:12:35', 3),
(5, '09065619965', '2017-04-10 03:18:32', '2017-04-10 03:18:32', 4),
(6, '09175005328', '2017-04-10 03:29:22', '2017-04-10 03:29:22', 5),
(7, '09065653712', '2017-04-10 03:37:03', '2017-04-10 03:37:03', 6),
(8, '09755241067', '2017-04-10 03:40:56', '2017-04-10 03:40:56', 7),
(9, '09420948765', '2017-04-10 03:40:56', '2017-04-10 03:40:56', 7),
(10, '09219361594', '2017-04-10 03:40:56', '2017-04-10 03:40:56', 7),
(11, '09062121697', '2017-04-10 03:44:21', '2017-04-10 03:44:21', 8),
(12, '09268199760', '2017-04-10 04:28:26', '2017-04-10 04:28:26', 9),
(13, '09067622636', '2017-04-10 04:51:57', '2017-04-10 04:51:57', 10),
(14, '09266684954', '2017-04-10 05:00:03', '2017-04-10 05:00:03', 11),
(15, '09169141571', '2017-04-10 05:11:53', '2017-04-10 05:11:53', 12),
(16, '09168606479', '2017-04-10 06:31:55', '2017-04-10 06:31:55', 13),
(17, '09778308547', '2017-04-10 06:38:39', '2017-04-10 06:38:39', 14),
(18, '09287155877', '2017-04-10 06:41:46', '2017-04-10 06:41:46', 15),
(19, '09629851740', '2017-04-10 07:14:09', '2017-04-10 07:14:09', 16),
(20, '09392204390', '2017-04-10 07:14:09', '2017-04-10 07:14:09', 16),
(21, '09494494591', '2017-04-10 07:30:32', '2017-04-10 07:30:32', 17),
(22, '09163571883', '2017-04-10 07:32:23', '2017-04-10 07:32:23', 18),
(23, '09203375863', '2017-04-10 07:46:04', '2017-04-10 07:46:04', 19),
(24, '09154382970', '2017-04-10 08:09:04', '2017-04-10 08:09:04', 20),
(25, '09152147534', '2017-04-10 08:14:08', '2017-04-10 08:14:08', 21),
(26, '09159121087', '2017-04-10 08:18:23', '2017-04-10 08:18:23', 22),
(27, '0906898297', '2017-04-10 08:21:00', '2017-04-10 08:21:00', 23),
(28, '09214408764', '2017-04-18 01:55:31', '2017-04-18 01:55:31', 24),
(29, '09174422952', '2017-04-18 01:56:41', '2017-04-18 01:56:41', 25),
(30, '09085334194', '2017-04-18 01:57:48', '2017-04-18 01:57:48', 26),
(31, '09955559284', '2017-04-18 01:57:48', '2017-04-18 01:57:48', 26),
(32, '09186008331', '2017-04-18 01:59:06', '2017-04-18 01:59:06', 27),
(33, '09186008331', '2017-04-18 01:59:06', '2017-04-18 01:59:06', 27),
(34, '09056006821', '2017-04-18 02:25:05', '2017-04-18 02:25:05', 28),
(35, '09154985767', '2017-04-18 02:26:45', '2017-04-18 02:26:45', 29),
(36, '09182046263', '2017-04-18 02:26:45', '2017-04-18 02:26:45', 29),
(37, '09068935838', '2017-04-18 02:28:41', '2017-04-18 02:28:41', 30),
(38, '09309900683', '2017-04-18 02:30:03', '2017-04-18 02:30:03', 31),
(39, '09426544702', '2017-04-18 02:31:50', '2017-04-18 02:31:50', 32),
(40, '09297275495', '2017-04-18 02:32:48', '2017-04-18 02:32:48', 33),
(41, '09219588822', '2017-04-18 02:33:47', '2017-04-18 02:33:47', 34),
(42, '09162711598', '2017-04-18 02:34:43', '2017-04-18 02:34:43', 35),
(43, '09063476052', '2017-04-18 02:35:52', '2017-04-18 02:35:52', 36),
(44, '09987211247', '2017-04-18 02:41:40', '2017-04-18 02:41:40', 37),
(45, '09236922204', '2017-04-18 02:43:17', '2017-04-18 02:43:17', 38);

INSERT INTO `emails` (`id`, `address`, `createdAt`, `updatedAt`, `staffId`) VALUES
(1, 'tbacolcol@yahoo.com', '2017-04-10 02:57:41', '2017-04-10 02:57:41', 1),
(2, 'apelicano@gmail.com', '2017-04-10 03:03:19', '2017-04-10 03:03:19', 2),
(3, 'alfie.pelicano@phivolcs.dost.gov.ph', '2017-04-10 03:03:19', '2017-04-10 03:03:19', 2),
(4, 'genesissaplajr@gmail.com', '2017-04-10 03:12:35', '2017-04-10 03:12:35', 3),
(5, 'bryan.marfito@gmail.com', '2017-04-10 03:18:32', '2017-04-10 03:18:32', 4),
(6, 'yonparas@gmail.com', '2017-04-10 03:29:22', '2017-04-10 03:29:22', 5),
(7, 'ragadiozach@gmail.com', '2017-04-10 03:37:03', '2017-04-10 03:37:03', 6),
(8, 'albert.baloto19@gmail.com', '2017-04-10 03:40:56', '2017-04-10 03:40:56', 7),
(9, 'michaeljohnperalta.mjp@gmail.com', '2017-04-10 03:44:21', '2017-04-10 03:44:21', 8),
(10, 'oriel.absin@gmail.com', '2017-04-10 04:28:26', '2017-04-10 04:28:26', 9),
(11, 'lafradesruescelle@gmail.com', '2017-04-10 04:51:57', '2017-04-10 04:51:57', 10),
(12, 'deollamas08@gmail.com', '2017-04-10 05:00:03', '2017-04-10 05:00:03', 11),
(13, 'robelynmangahas@gmail.com', '2017-04-10 05:11:53', '2017-04-10 05:11:53', 12),
(14, 'kmvitto@gmail.com', '2017-04-10 06:31:55', '2017-04-10 06:31:55', 13),
(15, ' mmpronald@yahoo.com.ph', '2017-04-10 06:38:39', '2017-04-10 06:38:39', 14),
(16, 'rjorgio@yahoo.com', '2017-04-10 06:41:46', '2017-04-10 06:41:46', 15),
(17, 'rlabayog@yahoo.com', '2017-04-10 07:14:09', '2017-04-10 07:14:09', 16),
(18, 'esplidar@yahoo.com.ph', '2017-04-10 07:30:32', '2017-04-10 07:30:32', 17),
(19, 'marjesjaime@yahoo.com', '2017-04-10 07:32:23', '2017-04-10 07:32:23', 18),
(20, 'wilmeral2000@yahoo.com', '2017-04-10 07:46:04', '2017-04-10 07:46:04', 19),
(21, 'laicramv2@yahoo.com', '2017-04-10 08:09:04', '2017-04-10 08:09:04', 20),
(22, 'nolanbohol@yahoo.com', '2017-04-10 08:14:08', '2017-04-10 08:14:08', 21),
(23, 'milotabigue@yahoo.com', '2017-04-10 08:18:23', '2017-04-10 08:18:23', 22),
(24, 'elauron@yahoo.com', '2017-04-10 08:21:00', '2017-04-10 08:21:00', 23),
(25, 'rainer_amilbahar@yahoo.com', '2017-04-18 01:55:31', '2017-04-18 01:55:31', 24),
(26, 'rudylacson@yahoo.com', '2017-04-18 01:56:41', '2017-04-18 01:56:41', 25),
(27, 'lumbar99@yahoo.com', '2017-04-18 01:57:48', '2017-04-18 01:57:48', 26),
(28, 'bong_luis@yahoo.com', '2017-04-18 01:59:06', '2017-04-18 01:59:06', 27),
(29, 'lsalugsugan@yahoo.com', '2017-04-18 02:25:05', '2017-04-18 02:25:05', 28),
(30, 'r_pigtain@yahoo.com', '2017-04-18 02:26:45', '2017-04-18 02:26:45', 29),
(31, 'angelo.abang@philvolcs.dost.gov.ph', '2017-04-18 02:28:41', '2017-04-18 02:28:41', 30);



INSERT INTO `logsheets` (`id`, `survey_type`, `logsheet_date`, `julian_day`, `marker`, `location`, `north`, `east`, `south`, `west`, `time_start`, `time_end`, `azimuth`, `failure_time`, `receiver_status`, `antenna_status`, `rod_num`, `rod_correction`, `avg_slant_height`, `ip_add`, `netmask`, `gateway`, `dns`, `local_tcp_port`, `latitude`, `longitude`, `observed_situation`, `lodging_road_information`, `others`, `createdAt`, `updatedAt`, `siteNameId`, `antennaId`, `receiverId`, `contactPersonId`) VALUES
(1, 'CAMPAIGN', '2017-03-26 00:00:00', 86, 'PHIVOLCS', 'Tambongon Intergrated School', 1.45, 1.45, 1.455, 1.455, '2017-05-11T21:28:38.954Z', NULL, NULL, NULL, NULL, NULL, NULL, NULL, 1.4525000000000001, NULL, NULL, NULL, NULL, NULL, NULL, NULL, NULL, NULL, NULL, '2017-05-12 08:05:38', '2017-05-12 08:05:38', 433, '12393268', '4814149946', 0),
(2, 'CAMPAIGN', '2017-03-21 00:00:00', 81, 'PHIVOLCS', 'Toledo Vocational School', 1.47, 1.47, 1.471, 1.4705, '2017-05-11T19:25:41.552Z', NULL, NULL, NULL, NULL, NULL, NULL, NULL, 1.4703749999999998, NULL, NULL, NULL, NULL, NULL, NULL, NULL, NULL, NULL, NULL, '2017-05-12 08:08:42', '2017-05-12 08:08:42', 58, '60154113', '0220281552', 0),
(3, 'CAMPAIGN', '2017-03-23 00:00:00', 83, 'PHIVOLCS', 'Toledo Vocational School', 1.4695, 1.4685, 1.4695, 1.4695, NULL, NULL, 20, NULL, NULL, NULL, NULL, NULL, 1.46925, NULL, NULL, NULL, NULL, NULL, NULL, NULL, NULL, NULL, 'v: 12.50', '2017-05-12 08:11:11', '2017-05-12 08:11:11', 58, '60154113', '0220281552', 0),
(4, 'CAMPAIGN', '2017-03-24 00:00:00', 84, 'PHIVOLCS', 'Toledo National Vocational School', 1.4685, 1.4685, 1.4695, 1.469, NULL, NULL, NULL, NULL, NULL, NULL, NULL, NULL, 1.468875, NULL, NULL, NULL, NULL, NULL, NULL, NULL, NULL, NULL, 'v: 12.42', '2017-05-12 08:13:27', '2017-05-12 08:13:27', 58, '60154113', '0220281552', 0),
(5, 'CAMPAIGN', '2017-03-25 00:00:00', 85, 'PHIVOLCS', 'Toledo National Vocational School', 1.4685, 1.468, 1.469, 1.469, '2017-05-11T19:19:21.797Z', '2017-05-11T19:21:29.419Z', NULL, NULL, NULL, NULL, NULL, NULL, 1.468625, NULL, NULL, NULL, NULL, NULL, NULL, NULL, NULL, NULL, NULL, '2017-05-12 08:17:13', '2017-05-12 08:17:13', 58, '60154113', '0220281552', 0),
(6, 'CAMPAIGN', '2017-03-27 00:00:00', 87, 'PHIVOLCS', 'Tuburan Central School', 1.4645, 1.4645, 1.4645, 1.4645, '2017-05-11T16:00:50.107Z', '2017-05-11T21:38:57.624Z', NULL, NULL, NULL, NULL, NULL, NULL, 1.4645, NULL, NULL, NULL, NULL, NULL, NULL, NULL, NULL, NULL, NULL, '2017-05-12 08:20:48', '2017-05-12 08:20:48', 432, '1441027374', '0220294783', 0),
(7, 'CAMPAIGN', '2017-03-26 00:00:00', 86, 'PHIVOLCS', 'Tuburan Central School', 1.464, 1.4645, 1.4645, 1.464, NULL, NULL, NULL, NULL, NULL, NULL, NULL, NULL, 1.4642499999999998, NULL, NULL, NULL, NULL, NULL, NULL, NULL, NULL, NULL, 'v: 12.45', '2017-05-12 08:23:15', '2017-05-12 08:23:15', 432, '1441027374', '0220294783', 0),
(8, 'CAMPAIGN', '2017-03-25 00:00:00', 85, 'PHIVOLCS', 'Tuburan Central School', 1.464, 1.465, 1.4645, 1.4645, '2017-05-11T20:33:48.301Z', '2017-05-11T20:44:58.568Z', NULL, NULL, NULL, NULL, NULL, NULL, 1.4645000000000001, NULL, NULL, NULL, NULL, NULL, NULL, NULL, NULL, NULL, 'v: 12:54 , 04:35 power stop and 04:38 power start.', '2017-05-12 08:36:30', '2017-05-12 08:36:30', 432, '1441027374', '0220294783', 0),
(9, 'CAMPAIGN', '2017-03-24 00:00:00', 84, 'PHIVOLCS', 'Tuburan Central School', 1.4645, 1.4645, 1.4645, 1.4645, '2017-05-11T19:06:04.410Z', NULL, 170, NULL, NULL, 'Antenna cable was cut in half.', NULL, NULL, 1.4645, NULL, NULL, NULL, NULL, NULL, NULL, NULL, NULL, NULL, 'v: 12.69', '2017-05-12 08:49:08', '2017-05-12 08:49:08', 432, '1441027374', '0220294783', 0),
(10, 'CAMPAIGN', '2017-03-23 00:00:00', 83, 'PHIVOLCS', 'Tuburan Central School ', 1.4635, 1.464, 1.464, 1.4635, '2017-05-11T22:35:08.469Z', NULL, 172, NULL, NULL, NULL, NULL, NULL, 1.46375, NULL, NULL, NULL, NULL, NULL, NULL, NULL, NULL, NULL, 'v: 12.79', '2017-05-12 08:52:21', '2017-05-12 08:52:21', 432, '1441027374', '0220294783', 0),
(11, 'CAMPAIGN', '2017-03-27 00:00:00', 87, 'PHIVOLCS', 'Tambongon Integrated School', 1.49, 1.45, 1.45, 1.45, '2017-05-15T16:00:59.460Z', '2017-05-15T22:49:04.718Z', NULL, NULL, NULL, NULL, NULL, NULL, 1.46, NULL, NULL, NULL, NULL, NULL, NULL, NULL, NULL, NULL, NULL, '2017-05-16 05:16:12', '2017-05-16 05:16:12', 433, '12393268', '4814149946', 0),
(12, 'CAMPAIGN', '2017-03-27 00:00:00', 87, 'PHIVOLCS', 'Bogo Central School', 1.413, 1.414, 1.414, 1.4135, '2017-05-15T16:00:34.758Z', '2017-05-16T00:27:40.632Z', NULL, NULL, NULL, NULL, NULL, NULL, 1.413625, NULL, NULL, NULL, NULL, NULL, NULL, NULL, NULL, NULL, NULL, '2017-05-16 05:20:31', '2017-05-16 05:20:31', 434, '1441021516', '4814149941', 0),
(13, 'CAMPAIGN', '2017-03-26 00:00:00', 86, 'PHIVOLCS', 'Bogo Central School', 1.414, 1.415, 1.41525, 1.414, '2017-05-16T01:15:18.449Z', NULL, 190, NULL, NULL, NULL, NULL, NULL, 1.4145624999999997, NULL, NULL, NULL, NULL, NULL, NULL, NULL, NULL, NULL, 'v: 12.59', '2017-05-16 05:23:15', '2017-05-16 05:23:15', 434, '1441021516', '4814149941', 0),
(14, 'CAMPAIGN', '2017-03-19 00:00:00', 79, 'PHIVOLCS', 'Our Lady of the holy rosary, Lila Bohol', 1.337, 1.3375, 1.3375, 1.3375, NULL, '2017-05-15T18:25:50.967Z', 181, NULL, NULL, NULL, NULL, NULL, 1.3373750000000002, NULL, NULL, NULL, NULL, NULL, NULL, NULL, NULL, NULL, 'v: 12.43', '2017-05-16 05:26:37', '2017-05-16 05:26:37', 435, '12393346', '0220294780', 0),
(15, 'CAMPAIGN', '2017-03-17 00:00:00', 77, 'PHIVOLCS', 'Our Lady of the holy rosary, Lila Bohol', 1.337, 1.3375, 1.33775, 1.33775, NULL, NULL, NULL, NULL, NULL, NULL, NULL, NULL, 1.3375, NULL, NULL, NULL, NULL, NULL, NULL, NULL, NULL, NULL, 'v: 12.56', '2017-05-16 05:28:43', '2017-05-16 05:28:43', 435, '12393346', '0220294780', 0),
(16, 'CAMPAIGN', '2017-03-16 00:00:00', 76, 'PHIVOLCS', 'Our Lady of the holy rosary parish, Lila Bohol', 1.337, 1.3375, 1.338, 1.33775, '2017-05-15T18:20:23.272Z', NULL, NULL, NULL, NULL, NULL, NULL, NULL, 1.3375625, NULL, NULL, NULL, NULL, NULL, NULL, NULL, NULL, NULL, 'v: 12.58', '2017-05-16 05:31:15', '2017-05-16 05:31:15', 435, '12393346', '0220294780', 0),
(17, 'CAMPAIGN', '2017-03-19 00:00:00', 79, 'PHIVOLCS', 'Camambugan National Highschool Ubay, Bohol', 1.35475, 1.35475, 1.3545, 1.35475, NULL, NULL, 142, NULL, NULL, NULL, NULL, NULL, 1.3546875, NULL, NULL, NULL, NULL, NULL, NULL, NULL, NULL, NULL, 'v: 12.49', '2017-05-16 05:34:10', '2017-05-16 05:34:10', 354, '12382983', '0220294783', 0),
(18, 'CAMPAIGN', '2017-03-17 00:00:00', 77, 'PHIVOLCS', 'Camambugan National Highschool Ubay, Bohol', 1.35475, 1.355, 1.35475, 1.355, NULL, NULL, NULL, NULL, NULL, NULL, NULL, NULL, 1.3548749999999998, NULL, NULL, NULL, NULL, NULL, NULL, NULL, NULL, NULL, 'v: 12.66', '2017-05-16 05:36:04', '2017-05-16 05:36:04', 354, '12382983', '0220294783', 0),
(19, 'CAMPAIGN', '2017-03-16 00:00:00', 76, 'PHIVOLCS', 'Camambugan National Highschool Ubay, Bohol', 1.35525, 1.355, 1.355, 1.35525, '2017-05-15T21:18:30.860Z', NULL, NULL, NULL, NULL, NULL, NULL, NULL, 1.3551250000000001, NULL, NULL, NULL, NULL, NULL, NULL, NULL, NULL, NULL, NULL, '2017-05-16 05:40:30', '2017-05-16 05:40:30', 354, '12382983', '0220294783', 5),
(20, 'CAMPAIGN', '2017-03-20 00:00:00', 80, 'PHIVOLCS', 'Tagbilaran Seismic Station', 1.216, 1.217, 1.21775, 1.2165, NULL, '2017-05-15T16:31:13.390Z', NULL, NULL, NULL, NULL, NULL, NULL, 1.2168125, NULL, NULL, NULL, NULL, NULL, NULL, NULL, NULL, NULL, 'v: 12.33', '2017-05-16 05:43:00', '2017-05-16 05:43:00', 364, '12393268', '4814149946', 0),
(21, 'CAMPAIGN', '2017-03-19 00:00:00', 79, 'PHIVOLCS', 'Tagbilaran Seismic Station', 1.216, 1.21575, 1.21675, 1.2165, '2017-05-15T16:00:22.949Z', NULL, 269, NULL, NULL, NULL, NULL, NULL, 1.21625, NULL, NULL, NULL, NULL, NULL, NULL, NULL, NULL, NULL, 'v: 12.41', '2017-05-16 05:46:05', '2017-05-16 05:46:05', 364, '12393268', '4814149946', 0),
(22, 'CAMPAIGN', '2017-03-18 00:00:00', 78, 'PHIVOLCS', 'Tagbilaran Seismic Station', 1.21575, 1.216, 1.2165, 1.21675, NULL, NULL, NULL, NULL, NULL, NULL, NULL, NULL, 1.21625, NULL, NULL, NULL, NULL, NULL, NULL, NULL, NULL, NULL, 'v: 12.51', '2017-05-16 05:48:35', '2017-05-16 05:48:35', 364, '12393268', '4814149946', 0),
(23, 'CAMPAIGN', '2017-03-17 00:00:00', 77, 'PHIVOLCS', 'Tagbilaran Seismic Station', 1.21575, 1.216, 1.2165, 1.21675, NULL, NULL, NULL, NULL, NULL, NULL, NULL, NULL, 1.21625, NULL, NULL, NULL, NULL, NULL, NULL, NULL, NULL, NULL, 'v: 12.57', '2017-05-16 05:50:36', '2017-05-16 05:50:36', 364, '12393268', '4814149946', 0),
(25, 'CAMPAIGN', '2017-03-16 00:00:00', 76, 'PHIVOLCS', 'Tagbilaran Seismic Station', 1.2155, 1.21575, 1.217, 1.21675, '2017-05-15T16:38:35.296Z', NULL, NULL, NULL, NULL, NULL, NULL, NULL, 1.21625, NULL, NULL, NULL, NULL, NULL, NULL, NULL, NULL, NULL, 'v: 12.66', '2017-05-16 06:01:17', '2017-05-16 06:01:17', 364, '12393268', '4814149946', 0),
(26, 'CAMPAIGN', '2017-03-19 00:00:00', 79, 'PHIVOLCS', 'Southern Inabanga High School, Bohol', 1.30975, 1.31875, 1.313, 1.30325, NULL, '2017-05-15T22:25:05.336Z', 276, NULL, NULL, NULL, NULL, NULL, 1.3111875, NULL, NULL, NULL, NULL, NULL, NULL, NULL, NULL, NULL, 'v: 12.45', '2017-05-16 07:03:49', '2017-05-16 07:03:49', 436, '60154113', '0220281552', 0),
(27, 'CAMPAIGN', '2017-03-17 00:00:00', 77, 'PHIVOLCS', 'Southern Inabanga High School, Bohol', 1.31, 1.319, 1.313, 1.3045, NULL, NULL, 276, NULL, NULL, NULL, NULL, NULL, 1.311625, NULL, NULL, NULL, NULL, NULL, NULL, NULL, NULL, NULL, 'v: 12.49', '2017-05-16 07:06:14', '2017-05-16 07:06:14', 436, '60154113', '0220281552', 0),
(28, 'CAMPAIGN', '2017-03-16 00:00:00', 76, 'PHIVOLCS', 'Southern Inabanga High School, Bohol', 1.31025, 1.31975, 1.3135, 1.305, '2017-05-16T00:13:32.400Z', '2017-05-16T01:22:48.147Z', 276, NULL, NULL, NULL, NULL, NULL, 1.312125, NULL, NULL, NULL, NULL, NULL, NULL, NULL, NULL, NULL, 'v: 12.46, A new building will be constructed on top of the benchmark within this year 2017', '2017-05-16 07:49:33', '2017-05-16 07:49:33', 436, '60154113', '4814149941', 6),
(29, 'CAMPAIGN', '2017-03-27 00:00:00', 87, ' PHIVOLCS', 'Catmon Integrated School ', 1.491, 1.492, 1.492, 1.492, '2017-05-15T16:00:05.416Z', '2017-05-16T01:54:11.982Z', NULL, NULL, NULL, NULL, NULL, NULL, 1.49175, NULL, NULL, NULL, NULL, NULL, NULL, NULL, NULL, NULL, NULL, '2017-05-16 07:51:54', '2017-05-16 07:51:54', 57, '12393346', '0220294780', 0),
(30, 'CAMPAIGN', '2017-03-25 00:00:00', 85, 'GPS / PHIVOLCS', 'Catmon Integrated  School', 1.493, 1.494, 1.494, 1.494, '2017-05-15T23:17:14.856Z', '2017-05-15T23:21:32.690Z', NULL, NULL, NULL, NULL, NULL, NULL, 1.49375, NULL, NULL, NULL, NULL, NULL, NULL, NULL, NULL, NULL, 'v: 12.14', '2017-05-16 07:55:17', '2017-05-16 07:55:17', 57, '12393346', '0220294780', 0),
(31, 'CAMPAIGN', '2017-03-24 00:00:00', 84, 'PHIVOLCS', 'Catmon Integrated School', 1.4935, 1.494, 1.494, 1.494, NULL, NULL, NULL, NULL, NULL, NULL, NULL, NULL, 1.4938749999999998, NULL, NULL, NULL, NULL, NULL, NULL, NULL, NULL, NULL, 'v: 12.25', '2017-05-16 07:57:17', '2017-05-16 07:57:17', 57, '12393346', '0220294780', 0),
(32, 'CAMPAIGN', '2017-03-23 00:00:00', 83, 'PHIVOLCS', 'Catmon Integrated School', 1.4935, 1.494, 1.494, 1.494, NULL, NULL, NULL, NULL, NULL, NULL, NULL, NULL, 1.4938749999999998, NULL, NULL, NULL, NULL, NULL, NULL, NULL, NULL, NULL, 'v: 12.33', '2017-05-16 07:59:18', '2017-05-16 07:59:18', 57, '12393346', '0220294780', 0),
(33, 'CAMPAIGN', '2017-03-22 00:00:00', 82, 'PHIVOLCS', 'Catmon Integrated School', 1.494, 1.49475, 1.495, 1.495, NULL, NULL, NULL, NULL, NULL, NULL, NULL, NULL, 1.4946875000000002, NULL, NULL, NULL, NULL, NULL, NULL, NULL, NULL, NULL, 'v: 12.47', '2017-05-16 08:01:33', '2017-05-16 08:01:33', 57, '12393346', '0220294780', 0),
(34, 'CAMPAIGN', '2017-03-21 00:00:00', 81, 'PHIVOLCS', 'Catmon Integrated School', 1.494, 1.495, 1.495, 1.495, '2017-05-15T23:00:45.390Z', '2017-05-15T23:42:54.731Z', 202, NULL, NULL, NULL, NULL, NULL, 1.49475, NULL, NULL, NULL, NULL, NULL, NULL, NULL, NULL, NULL, NULL, '2017-05-16 08:03:29', '2017-05-16 08:03:29', 57, '12393346', '0220294780', 0),
(35, 'CAMPAIGN', '2017-04-10 00:00:00', 101, 'PHIVOLCS', 'Cuenca Central School', 1.49175, 1.49175, 1.49275, 1.49225, '2017-05-16T18:30:00.428Z', NULL, NULL, NULL, NULL, NULL, NULL, NULL, 1.4921250000000001, NULL, NULL, NULL, NULL, NULL, NULL, NULL, NULL, NULL, NULL, '2017-05-17 02:33:00', '2017-05-17 02:33:00', 437, '60154113', '0220281552', 0),
(36, 'CAMPAIGN', '2017-04-11 00:00:00', 102, 'PHIVOLCS', 'Cuenca Central School', 1.49175, 1.492, 1.49275, 1.49225, NULL, NULL, NULL, NULL, NULL, NULL, NULL, NULL, 1.4921875, NULL, NULL, NULL, NULL, NULL, NULL, NULL, NULL, NULL, 'v: 12.68', '2017-05-17 02:35:37', '2017-05-17 02:35:37', 437, '60154113', '0220281552', 0),
(37, 'CAMPAIGN', '2017-04-12 00:00:00', 103, 'PHIVOLCS', 'Cuenca Central School', 1.4915, 1.49125, 1.492, 1.492, NULL, '2017-05-17T03:59:58.853Z', NULL, NULL, NULL, NULL, NULL, NULL, 1.4916875, NULL, NULL, NULL, NULL, NULL, NULL, NULL, NULL, NULL, 'v: 12.54', '2017-05-17 02:39:50', '2017-05-17 02:39:50', 437, '60154113', '0220281552', 0),
(38, 'CAMPAIGN', '2017-04-13 00:00:00', 104, 'PHIVOLCS', 'Cuenca Central School, Batangas', 1.49075, 1.49075, 1.49175, 1.49125, NULL, '2017-05-16T17:20:43.398Z', 30, NULL, NULL, NULL, NULL, NULL, 1.491125, NULL, NULL, NULL, NULL, NULL, NULL, NULL, NULL, NULL, NULL, '2017-05-17 02:47:11', '2017-05-17 02:47:11', 437, '60154113', '0220281552', 0),
(39, 'CAMPAIGN', '2017-04-12 00:00:00', 103, 'PHIVOLCS', 'Tingloy Central Elementary School', 1.3665, 1.367, 1.3675, 1.367, '2017-05-16T20:08:50.926Z', NULL, 290, NULL, NULL, NULL, NULL, NULL, 1.367, NULL, NULL, NULL, NULL, NULL, NULL, NULL, NULL, NULL, NULL, '2017-05-17 02:58:59', '2017-05-17 02:58:59', 438, '12382983', '0220294783', 0),
(40, 'CAMPAIGN', '2017-04-17 00:00:00', 108, 'PHIVOLCS', 'Malimono Elementary School', 1.3205, 1.3205, 1.321, 1.3205, '2017-05-17T01:22:37.192Z', '2017-05-16T17:01:02.384Z', 173, NULL, NULL, NULL, NULL, NULL, 1.320625, NULL, NULL, NULL, NULL, NULL, NULL, NULL, NULL, NULL, 'v: 12.90', '2017-05-17 03:03:39', '2017-05-17 03:03:39', 249, '60154113', '0220281552', 0),
(42, 'CAMPAIGN', '2017-04-17 00:00:00', 108, 'PHIVOLCS', 'Silos Central Elementary School, Surigao Del Norte', 1.4765, 1.4765, 1.4765, 1.4765, '2017-05-16T23:37:22.548Z', '2017-05-17T15:59:36.564Z', NULL, NULL, 'Replaced CF Card', NULL, NULL, NULL, 1.4765, NULL, NULL, NULL, NULL, NULL, NULL, NULL, NULL, NULL, 'v: 12.79', '2017-05-17 03:11:20', '2017-05-17 03:11:20', 252, '12382983', '0220294783', 0),
(43, 'CAMPAIGN', '2017-04-17 00:00:00', 108, 'PHIVOLCS', 'Santiago National Highschool, Agusan Del Norte', 1.3275, 1.328, 1.328, 1.3275, '2017-05-16T21:34:34.718Z', NULL, 165, NULL, NULL, NULL, NULL, NULL, 1.32775, NULL, NULL, NULL, NULL, NULL, NULL, NULL, NULL, NULL, 'v: 12.87', '2017-05-17 03:14:27', '2017-05-17 03:14:27', 255, '12393268', '4814149946', 0),
(44, 'CAMPAIGN', '2017-04-17 00:00:00', 108, 'PHIVOLCS', 'Mainit National Highschool', 1.4895, 1.49, 1.49, 1.49, '2017-05-16T22:44:09.259Z', NULL, 156, NULL, NULL, NULL, NULL, NULL, 1.489875, NULL, NULL, NULL, NULL, NULL, NULL, NULL, NULL, NULL, 'v: 12.75', '2017-05-17 03:18:11', '2017-05-17 03:18:11', 245, '12393346', '0220294780', 0),
(45, 'CAMPAIGN', '2017-04-17 00:00:00', 108, 'DENR', 'Tagbongabong Elementary School, Agusan Del Norte', 1.293, 1.293, 1.2935, 1.293, '2017-05-16T19:36:47.306Z', NULL, 25, NULL, NULL, NULL, NULL, NULL, 1.293125, NULL, NULL, NULL, NULL, NULL, NULL, NULL, NULL, NULL, 'v: 12.97', '2017-05-17 03:23:40', '2017-05-17 03:23:40', 389, '12393278', '4911166851', 0),
(46, 'CAMPAIGN', '2017-04-18 00:00:00', 109, 'PHIVOLCS', 'Malimono Elementary School', 1.321, 1.321, 1.322, 1.321, '2017-05-16T17:04:47.859Z', '2017-05-17T15:59:58.246Z', 173, NULL, NULL, NULL, NULL, NULL, 1.32125, NULL, NULL, NULL, NULL, NULL, NULL, NULL, NULL, NULL, 'v: 12.70', '2017-05-17 03:30:46', '2017-05-17 03:30:46', 249, '60154113', '0220281552', 0),
(47, 'CAMPAIGN', '2017-04-18 00:00:00', 109, 'PHIVOLCS', 'Sison central elementary School, Surigao Del Norte', 1.4765, 1.4765, 1.4765, 1.4765, NULL, '2017-05-17T15:59:29.179Z', NULL, NULL, NULL, NULL, NULL, NULL, 1.4765, NULL, NULL, NULL, NULL, NULL, NULL, NULL, NULL, NULL, 'v: 12.55', '2017-05-17 03:38:15', '2017-05-17 03:38:15', 252, '12382983', '0220294783', 0),
(48, 'CAMPAIGN', '2017-04-18 00:00:00', 109, 'PHIVOLCS', 'Santiago National Highschool, Agusan Del Norte', 1.3275, 1.328, 1.328, 1.3275, '2017-05-16T16:00:39.261Z', '2017-05-17T15:59:48.058Z', 165, NULL, NULL, NULL, NULL, NULL, 1.32775, NULL, NULL, NULL, NULL, NULL, NULL, NULL, NULL, NULL, 'v: 12.54', '2017-05-17 05:09:42', '2017-05-17 05:09:42', 255, '12393268', '4814149946', 0),
(49, 'CAMPAIGN', '2017-04-18 00:00:00', 109, 'PHIVOLCS', 'Maimt National Highschool', 1.49, 1.49, 1.491, 1.491, '2017-05-16T16:00:45.429Z', '2017-05-17T15:59:50.419Z', 156, NULL, NULL, NULL, NULL, NULL, 1.4905, NULL, NULL, NULL, NULL, NULL, NULL, NULL, NULL, NULL, 'v: 12.57', '2017-05-17 05:12:39', '2017-05-17 05:12:39', 245, '12393346', '0220294780', 0),
(50, 'CAMPAIGN', '2017-04-18 00:00:00', 109, 'PHIVOLCS', 'Tagbongabing Elementary School, Agusan Del Norte', 1.293, 1.294, 1.294, 1.294, '2017-05-16T16:00:59.558Z', '2017-05-17T15:59:05.417Z', 25, NULL, NULL, NULL, NULL, NULL, 1.29375, NULL, NULL, NULL, NULL, NULL, NULL, NULL, NULL, NULL, NULL, '2017-05-17 05:14:45', '2017-05-17 05:14:45', 389, '12393278', '4911166851', 0),
(51, 'CAMPAIGN', '2017-04-19 00:00:00', 110, 'PHIVOLCS', 'Malimono Elementary School', 1.321, 1.321, 1.3215, 1.321, '2017-05-16T16:00:53.990Z', '2017-05-17T15:59:59.966Z', 173, NULL, NULL, NULL, NULL, NULL, 1.3211249999999999, NULL, NULL, NULL, NULL, NULL, NULL, NULL, NULL, NULL, NULL, '2017-05-17 05:16:44', '2017-05-17 05:16:44', 249, '60154113', '0220281552', 0),
(52, 'CAMPAIGN', '2017-04-19 00:00:00', 110, 'PHIVOLCS', 'SISon Central Elementary School, Surigao Del Norte', 1.4765, 1.4765, 1.4765, 1.4765, NULL, '2017-05-17T15:59:54.841Z', NULL, NULL, NULL, NULL, NULL, NULL, 1.4765, NULL, NULL, NULL, NULL, NULL, NULL, NULL, NULL, NULL, 'v: 12.46', '2017-05-17 05:18:29', '2017-05-17 05:18:29', 252, '12382983', '0220294783', 0),
(53, 'CAMPAIGN', '2017-04-19 00:00:00', 110, 'PHIVOLCS', 'Santiago National Highschool', 1.327, 1.3275, 1.3275, 1.328, NULL, '2017-05-17T15:59:34.717Z', 165, NULL, NULL, NULL, NULL, NULL, 1.3275, NULL, NULL, NULL, NULL, NULL, NULL, NULL, NULL, NULL, NULL, '2017-05-17 05:21:15', '2017-05-17 05:21:15', 255, '12393268', '4814149946', 7),
(54, 'CAMPAIGN', '2017-04-19 00:00:00', 110, 'PHIVOLCS', 'Mainit National Highschool', 1.49, 1.4905, 1.491, 1.491, NULL, '2017-05-17T15:59:39.908Z', 156, NULL, NULL, NULL, NULL, NULL, 1.490625, NULL, NULL, NULL, NULL, NULL, NULL, NULL, NULL, NULL, 'v: 12.50', '2017-05-17 05:23:29', '2017-05-17 05:23:29', 245, '12393346', '0220294780', 0),
(55, 'CAMPAIGN', '2017-04-19 00:00:00', 110, 'DENR', 'Tagbongabong Elementary School', 1.293, 1.2935, 1.294, 1.2935, NULL, '2017-05-17T15:59:08.155Z', 25, NULL, NULL, NULL, NULL, NULL, 1.2935, NULL, NULL, NULL, NULL, NULL, NULL, NULL, NULL, NULL, NULL, '2017-05-17 05:25:39', '2017-05-17 05:25:39', 389, '12393278', '4911166851', 0),
(56, 'CAMPAIGN', '2017-04-20 00:00:00', 111, 'PHIVOLCS', 'Malimono Elementary School', 1.321, 1.321, 1.3215, 1.321, NULL, '2017-05-16T17:54:44.368Z', 173, NULL, NULL, NULL, NULL, NULL, 1.3211249999999999, NULL, NULL, NULL, NULL, NULL, NULL, NULL, NULL, NULL, NULL, '2017-05-17 05:28:51', '2017-05-17 05:28:51', 249, '60154113', '0220281552', 0),
(57, 'CAMPAIGN', '2017-04-20 00:00:00', 111, 'PHIVOLCS', 'Sison Central Elementary School', 1.476, 1.476, 1.4755, 1.4765, NULL, NULL, NULL, NULL, NULL, NULL, NULL, NULL, 1.476, NULL, NULL, NULL, NULL, NULL, NULL, NULL, NULL, NULL, 'v: 12.4', '2017-05-17 05:31:13', '2017-05-17 05:31:13', 252, '12382983', '0220294783', 0),
(58, 'CAMPAIGN', '2017-04-20 00:00:00', 111, 'PHIVOLCS', 'Santiago National High School', 1.327, 1.3275, 1.3275, 1.3275, NULL, '2017-05-16T22:04:53.158Z', 165, NULL, NULL, NULL, NULL, NULL, 1.3273749999999997, NULL, NULL, NULL, NULL, NULL, NULL, NULL, NULL, NULL, 'v: 12.46', '2017-05-17 05:34:35', '2017-05-17 05:34:35', 255, '12393268', '4814149946', 0),
(59, 'CAMPAIGN', '2017-04-20 00:00:00', 111, 'PHIVOLCS', 'Mainit National High School', 1.49, 1.49, 1.491, 1.491, NULL, '2017-05-16T21:04:41.185Z', 156, NULL, NULL, NULL, NULL, NULL, 1.4905, NULL, NULL, NULL, NULL, NULL, NULL, NULL, NULL, NULL, 'v: 12.43', '2017-05-17 05:41:32', '2017-05-17 05:41:32', 245, '12393346', '0220294780', 0),
(60, 'CAMPAIGN', '2017-04-20 00:00:00', 111, 'DENR', 'Tagbongabong Elementary School', 1.293, 1.2935, 1.294, 1.293, NULL, '2017-05-16T23:04:48.794Z', 25, NULL, NULL, NULL, NULL, NULL, 1.293375, NULL, NULL, NULL, NULL, NULL, NULL, NULL, NULL, NULL, NULL, '2017-05-17 05:45:59', '2017-05-17 05:45:59', 389, '12393278', '4911166851', 0),
(61, 'CAMPAIGN', '2017-04-17 00:00:00', 108, 'PHIVOLCS', 'Mainit National Highschool', 1.4895, 1.49, 1.49, 1.49, '2017-05-16T22:44:35.104Z', NULL, 156, NULL, NULL, NULL, NULL, NULL, 1.489875, NULL, NULL, NULL, NULL, NULL, NULL, NULL, NULL, NULL, 'v: 12.75', '2017-05-17 05:48:17', '2017-05-17 05:48:17', 245, '12393346', '0220294780', 0),
(62, 'CAMPAIGN', '2017-04-17 00:00:00', 108, 'DENR', 'Tagbongabong Elementary School, Agusan Del Norte', 1.293, 1.293, 1.2935, 1.293, '2017-05-16T19:36:19.877Z', NULL, 25, NULL, 'Change reciever', NULL, NULL, NULL, 1.293125, NULL, NULL, NULL, NULL, NULL, NULL, NULL, NULL, NULL, 'v: 12.97', '2017-05-17 05:58:23', '2017-05-17 05:58:23', 389, '12393278', '4911166851', 0),
(63, 'CAMPAIGN', '2017-02-14 00:00:00', 46, 'PHIVOLCS', 'Burgos Elementary School, Burgos, Siargao Island', 1.3285, 1.32875, 1.328, 1.32875, '2017-05-21T22:31:01.963Z', '2017-05-22T15:59:14.795Z', 180, NULL, NULL, NULL, NULL, NULL, 1.3285000000000002, NULL, NULL, NULL, NULL, NULL, NULL, NULL, NULL, NULL, NULL, '2017-05-22 06:16:47', '2017-05-22 06:16:47', 253, '60251466', '0220306511', 0),
(64, 'CAMPAIGN', '2017-02-15 16:00:00', 47, 'PHIVOLCS', 'Burgos Elementary School, Burgos, Siargao Island', 1.3285, 1.3285, 1.32875, 1.329, '2017-05-21T23:38:16.340Z', '2017-05-22T15:59:25.324Z', 180, NULL, NULL, NULL, NULL, NULL, 1.3286875, NULL, NULL, NULL, NULL, NULL, NULL, NULL, NULL, NULL, NULL, '2017-05-22 06:23:00', '2017-05-22 06:23:00', 253, '60251466', '0220306511', 0),
(65, 'CAMPAIGN', '2017-02-16 16:00:00', 48, 'PHIVOLCS', 'Burgos Elementary School, Burgos, Siargao Island', 1.32875, 1.32875, 1.32875, 1.329, '2017-05-21T19:37:40.825Z', '2017-05-22T15:48:52.989Z', 180, NULL, NULL, NULL, NULL, NULL, 1.3288125, NULL, NULL, NULL, NULL, NULL, NULL, NULL, NULL, NULL, NULL, '2017-05-22 06:25:29', '2017-05-22 06:25:29', 253, '60251466', '0220306511', 0),
(66, 'CAMPAIGN', '2017-02-12 16:00:00', 44, 'DENR', 'Tagbongabong Elementary School, Agusan Del Norte', 1.2985, 1.2989, 1.2985, 1.299, '2017-05-22T01:25:57.789Z', '2017-05-22T15:59:04.849Z', 180, NULL, NULL, NULL, NULL, NULL, 1.2987250000000001, NULL, NULL, NULL, NULL, NULL, NULL, NULL, NULL, NULL, NULL, '2017-05-22 06:53:41', '2017-05-22 06:53:41', 389, '60250556', '4912167255', 0),
(67, 'CAMPAIGN', '2017-02-13 16:00:00', 45, 'DENR', 'Tagbongabong Elementary School, Agusan Del Norte', 1.2985, 1.2989, 1.2985, 1.299, '2017-05-21T16:00:15.405Z', '2017-05-22T15:59:19.569Z', 180, NULL, NULL, NULL, NULL, NULL, 1.2987250000000001, NULL, NULL, NULL, NULL, NULL, NULL, NULL, NULL, NULL, NULL, '2017-05-22 06:56:54', '2017-05-22 06:56:54', 389, '60250556', '4912167255', 0),
(68, 'CAMPAIGN', '2017-02-14 16:00:00', 46, 'DENR', 'Tagbongabong Elementary School, Agusan Del Norte', 1.299, 1.299, 1.299, 1.2995, '2017-05-21T16:00:51.282Z', '2017-05-22T15:59:55.176Z', 180, NULL, NULL, NULL, NULL, NULL, 1.299125, NULL, NULL, NULL, NULL, NULL, NULL, NULL, NULL, NULL, NULL, '2017-05-22 06:58:24', '2017-05-22 06:58:24', 389, '60250556', '4912167255', 0),
(69, 'CAMPAIGN', '2017-02-15 16:00:00', 47, 'DENR', 'Tagbongabong Elementary School, Agusan Del Norte', 1.2995, 1.29925, 1.29925, 1.3, '2017-05-21T16:00:02.513Z', '2017-05-22T15:59:07.037Z', 180, NULL, NULL, NULL, NULL, NULL, 1.2994999999999999, NULL, NULL, NULL, NULL, NULL, NULL, NULL, NULL, NULL, NULL, '2017-05-22 07:00:36', '2017-05-22 07:00:36', 389, '60250556', '4912167255', 0),
(70, 'CAMPAIGN', '2017-02-16 16:00:00', 48, 'DENR', 'Tagbongabong Elementary School. Agusan Del Norte', 1.2995, 1.2995, 1.2995, 1.3, '2017-05-21T16:00:26.283Z', '2017-05-22T15:59:29.864Z', 180, NULL, NULL, NULL, NULL, NULL, 1.299625, NULL, NULL, NULL, NULL, NULL, NULL, NULL, NULL, NULL, NULL, '2017-05-22 07:01:58', '2017-05-22 07:01:58', 389, '60250556', '4912167255', 0),
(71, 'CAMPAIGN', '2017-02-17 16:00:00', 49, 'DENR', 'Tagbongabong Elementary School, Agusan Del Norte', 1.299, 1.299, 1.2995, 1.2995, '2017-05-21T16:00:58.363Z', '2017-05-22T15:59:02.110Z', 180, NULL, NULL, NULL, NULL, NULL, 1.29925, NULL, NULL, NULL, NULL, NULL, NULL, NULL, NULL, NULL, NULL, '2017-05-22 07:03:28', '2017-05-22 07:03:28', 389, '60250556', '4912167255', 0),
(72, 'CAMPAIGN', '2017-02-14 16:00:00', 46, 'PHIVOLCS', 'General Luna Elementary School, General Luna, Siargao Island', 1.4275, 1.4275, 1.4275, 1.4275, '2017-05-21T19:30:54.042Z', '2017-05-22T15:59:01.819Z', 168, NULL, NULL, NULL, NULL, NULL, 1.4275, NULL, NULL, NULL, NULL, NULL, NULL, NULL, NULL, NULL, NULL, '2017-05-22 07:05:30', '2017-05-22 07:05:30', 258, '1441027374', '0220281552', 0),
(73, 'CAMPAIGN', '2017-02-15 16:00:00', 47, 'PHIVOLCS', 'General Luna Elementary School, General Luna Siargao Island', 1.42875, 1.4285, 1.42875, 1.42875, '2017-05-21T18:25:44.848Z', '2017-05-22T15:59:51.559Z', 168, NULL, NULL, NULL, NULL, NULL, 1.4286874999999999, NULL, NULL, NULL, NULL, NULL, NULL, NULL, NULL, NULL, NULL, '2017-05-22 07:07:19', '2017-05-22 07:07:19', 258, '1441027374', '0220281552', 0),
(74, 'CAMPAIGN', '2017-02-16 16:00:00', 48, 'PHIVOLCS', 'General Luna Elementary School, Siargao Island', 1.42875, 1.42875, 1.42875, 1.42875, '2017-05-21T18:33:36.454Z', '2017-05-22T14:43:47.728Z', 168, NULL, NULL, NULL, NULL, NULL, 1.42875, NULL, NULL, NULL, NULL, NULL, NULL, NULL, NULL, NULL, NULL, '2017-05-22 07:15:17', '2017-05-22 07:15:17', 258, '1441027374', '0220281552', 0),
(75, 'CAMPAIGN', '2017-02-13 16:00:00', 45, 'San Juan', 'San Juan CES, San Juan Cabalian, Southern Leyte', 1.474, 1.474, 1.474, 1.474, '2017-05-21T17:52:20.926Z', '2017-05-22T15:59:28.595Z', NULL, NULL, NULL, NULL, NULL, NULL, 1.474, NULL, NULL, NULL, NULL, NULL, NULL, NULL, NULL, NULL, NULL, '2017-05-22 07:18:01', '2017-05-22 07:18:01', 361, '12382983', '4906165602', 0),
(76, 'CAMPAIGN', '2017-02-14 16:00:00', 46, 'San Juan', 'San Juan CES, San Juan Cabalian Southern Leyte', 1.474, 1.474, 1.474, 1.474, '2017-05-21T16:00:00.835Z', '2017-05-22T15:59:04.702Z', NULL, NULL, NULL, NULL, NULL, NULL, 1.474, NULL, NULL, NULL, NULL, NULL, NULL, NULL, NULL, NULL, NULL, '2017-05-22 07:21:35', '2017-05-22 07:21:35', 361, '12382983', '4906165602', 0),
(77, 'CAMPAIGN', '2017-02-15 16:00:00', 47, 'San Juan', 'San Juan CES, San Juan Cabalian, Southern Leyte', 1.474, 1.474, 1.474, 1.474, '2017-05-21T16:00:25.666Z', '2017-05-22T15:59:29.504Z', NULL, NULL, NULL, NULL, NULL, NULL, 1.474, NULL, NULL, NULL, NULL, NULL, NULL, NULL, NULL, NULL, NULL, '2017-05-22 07:23:58', '2017-05-22 07:23:58', 361, '12382983', '4906165602', 0),
(78, 'CAMPAIGN', '2017-02-16 16:00:00', 48, 'San Juan', 'San Juan CES, San Juan Cabalian Southern Leyte', 1.474, 1.474, 1.474, 1.474, '2017-05-21T16:00:23.827Z', '2017-05-22T15:59:28.073Z', NULL, NULL, NULL, NULL, NULL, NULL, 1.474, NULL, NULL, NULL, NULL, NULL, NULL, NULL, NULL, NULL, NULL, '2017-05-22 07:25:58', '2017-05-22 07:25:58', 361, '12382983', '4906165602', 0),
(79, 'CAMPAIGN', '2017-02-13 16:00:00', 45, 'PHIVOLCS', 'San Ricardo Central School, San Ricardo, Panaan Island Southern Leyte', 1.516, 1.516, 1.517, 1.517, '2017-05-21T20:05:50.862Z', '2017-05-22T15:59:57.991Z', NULL, NULL, NULL, NULL, NULL, NULL, 1.5164999999999997, NULL, NULL, NULL, NULL, NULL, NULL, NULL, NULL, NULL, NULL, '2017-05-22 07:45:28', '2017-05-22 07:45:28', 365, '12393268', '0220294783', 0),
(80, 'CAMPAIGN', '2017-02-14 16:00:00', 46, 'PHIVOLCS', 'San Ricardo Central School, San Ricardo, Panaon Island Southern Leyte', 1.516, 1.516, 1.517, 1.517, '2017-05-21T16:00:38.416Z', '2017-05-22T15:59:43.676Z', NULL, NULL, NULL, NULL, NULL, NULL, 1.5164999999999997, NULL, NULL, NULL, NULL, NULL, NULL, NULL, NULL, NULL, '1. Cluster of Cell towers located 335 NNW of BM 2150-200m\n2. Location is not ideal due to proximity of hills on N/NW\n3. Tribrach needs adjustment; refer to photo for details [PIV07]\n4. Area is not fully secure; accommodations at the school\n   home econ ro', '2017-05-22 07:50:34', '2017-05-22 07:50:34', 365, '12393268', '0220294783', 0),
(81, 'CAMPAIGN', '2017-02-15 16:00:00', 47, 'PHIVOLCS', 'SRCS, San Ricardo, Panaon Island Southern Leyte', 1.516, 1.516, 1.5175, 1.5165, '2017-05-21T16:00:54.726Z', '2017-05-22T15:59:58.780Z', NULL, NULL, NULL, NULL, NULL, NULL, 1.5165, NULL, NULL, NULL, NULL, NULL, NULL, NULL, NULL, NULL, 'Field mouse has taken shelter inside box; forgot to plug cable hole with paper/cloth before hand', '2017-05-22 07:54:13', '2017-05-22 07:54:13', 365, '12393268', '0220294783', 0),
(82, 'CAMPAIGN', '2017-02-16 16:00:00', 48, 'PHIVOLCS', 'SRCS, San Ricardo, Panaon Island Southern Leyte', 1.516, 1.516, 1.5175, 1.5165, '2017-05-21T16:00:12.956Z', '2017-05-22T15:59:16.561Z', NULL, NULL, NULL, NULL, NULL, NULL, 1.5165, NULL, NULL, NULL, NULL, NULL, NULL, NULL, NULL, NULL, NULL, '2017-05-22 07:55:46', '2017-05-22 07:55:46', 365, '12393268', '0220294783', 0),
(83, 'CAMPAIGN', '2017-02-13 16:00:00', 45, 'PIVS', 'Malimono Central Elementary School', 1.28625, 1.28725, 1.2875, 1.28775, '2017-05-22T03:14:57.730Z', NULL, 109, NULL, NULL, NULL, NULL, NULL, 1.2871875, NULL, NULL, NULL, NULL, NULL, NULL, NULL, NULL, NULL, NULL, '2017-05-22 07:57:30', '2017-05-22 07:57:30', 249, '12393346', '4814149941', 0),
(84, 'CAMPAIGN', '2017-02-14 16:00:00', 46, 'PIVS', 'Malimono Central ES Surigao Del Norte', 1.287, 1.2875, 1.288, 1.288, '2017-05-21T16:00:26.314Z', '2017-05-22T15:59:29.958Z', 109, NULL, NULL, NULL, NULL, NULL, 1.287625, NULL, NULL, NULL, NULL, NULL, NULL, NULL, NULL, NULL, NULL, '2017-05-22 07:59:01', '2017-05-22 07:59:01', 249, '12393346', '4814149941', 0),
(85, 'CAMPAIGN', '2017-02-15 16:00:00', 47, 'PIVS', 'Malimono Central ES, Surigao Del Norte', 1.287, 1.287, 1.28775, 1.288, '2017-05-21T16:00:02.682Z', '2017-05-22T15:59:07.127Z', 109, NULL, NULL, NULL, NULL, NULL, 1.2874375, NULL, NULL, NULL, NULL, NULL, NULL, NULL, NULL, NULL, NULL, '2017-05-22 08:00:36', '2017-05-22 08:00:36', 249, '12393346', '4814149941', 0),
(86, 'CAMPAIGN', '2017-02-16 16:00:00', 48, 'PIVS', 'Malimono Central Elementary School Surigao Del Norte', 1.287, 1.28725, 1.288, 1.288, '2017-05-21T18:00:02.588Z', '2017-05-22T15:59:07.722Z', 109, NULL, NULL, NULL, NULL, NULL, 1.2875625000000002, NULL, NULL, NULL, NULL, NULL, NULL, NULL, NULL, NULL, NULL, '2017-05-22 08:02:36', '2017-05-22 08:02:36', 249, '12393346', '4814149941', 0),
(87, 'CAMPAIGN', '2017-02-17 16:00:00', 49, 'PIVS', 'Malimono Central Elementary School, Surigao Del Norte', 1.28725, 1.28725, 1.288, 1.288, '2017-05-21T16:00:34.340Z', '2017-05-21T20:12:39.212Z', 109, NULL, NULL, NULL, NULL, NULL, 1.287625, NULL, NULL, NULL, NULL, NULL, NULL, NULL, NULL, NULL, NULL, '2017-05-22 08:04:10', '2017-05-22 08:04:10', 249, '12393346', '4814149941', 0),
(88, 'CAMPAIGN', '2017-02-13 16:00:00', 45, 'PIVS', 'Sison Central Elementary School, Surigao Del Norte', 1.2965, 1.2965, 1.2975, 1.2965, '2017-05-22T06:37:25.282Z', '2017-05-22T15:59:32.411Z', 86, NULL, NULL, NULL, NULL, NULL, 1.29675, NULL, NULL, NULL, NULL, NULL, NULL, NULL, NULL, NULL, NULL, '2017-05-22 08:06:02', '2017-05-22 08:06:02', 252, '12383088', '0220358872', 0),
(89, 'CAMPAIGN', '2017-02-14 16:00:00', 46, 'PIVS', 'Sison Central Elementary School Surigao Del Norte', 1.2965, 1.29725, 1.29825, 1.29725, '2017-05-21T16:00:01.606Z', '2017-05-22T15:59:05.442Z', 86, NULL, NULL, NULL, NULL, NULL, 1.2973124999999999, NULL, NULL, NULL, NULL, NULL, NULL, NULL, NULL, NULL, NULL, '2017-05-22 08:07:32', '2017-05-22 08:07:32', 252, '12383088', '0220358872', 0),
(90, 'CAMPAIGN', '2017-02-15 16:00:00', 47, 'PIVS', 'Sison Central Elementary School Surigao Del Norte', 1.2965, 1.2975, 1.29825, 1.2975, '2017-05-21T16:00:44.699Z', '2017-05-22T15:59:48.155Z', 86, NULL, NULL, NULL, NULL, NULL, 1.2974375, NULL, NULL, NULL, NULL, NULL, NULL, NULL, NULL, NULL, NULL, '2017-05-22 08:09:15', '2017-05-22 08:09:15', 252, '12383088', '0220358872', 0),
(91, 'CAMPAIGN', '2017-02-16 16:00:00', 48, 'PIVS', 'Sison Central Elementary School Surigao Del Norte', 1.29675, 1.29725, 1.29825, 1.2975, '2017-05-21T16:00:17.576Z', '2017-05-22T15:59:21.378Z', 86, NULL, NULL, NULL, NULL, NULL, 1.2974375, NULL, NULL, NULL, NULL, NULL, NULL, NULL, NULL, NULL, NULL, '2017-05-22 08:10:48', '2017-05-22 08:10:48', 252, '12383088', '0220358872', 0),
(92, 'CAMPAIGN', '2017-02-17 16:00:00', 49, 'PIVS', 'Sison Central Elementary School Surigao Del Norte', 1.297, 1.2975, 1.29825, 1.2975, '2017-05-21T16:00:38.618Z', '2017-05-21T18:46:42.337Z', 86, NULL, NULL, NULL, NULL, NULL, 1.2975625, NULL, NULL, NULL, NULL, NULL, NULL, NULL, NULL, NULL, NULL, '2017-05-22 08:12:13', '2017-05-22 08:12:13', 252, '12383088', '0220358872', 0),
(93, 'CAMPAIGN', '2017-02-13 16:00:00', 45, 'PHIVOLCS', 'Santiago National High School, Agusan Del Norte', 1.2865, 1.2865, 1.288, 1.287, '2017-05-22T21:14:17.695Z', '2017-05-23T15:59:25.526Z', 180, NULL, NULL, NULL, NULL, NULL, 1.287, NULL, NULL, NULL, NULL, NULL, NULL, NULL, NULL, NULL, NULL, '2017-05-22 23:18:00', '2017-05-22 23:18:00', 255, '1441027586', '0220294780', 0),
(94, 'CAMPAIGN', '2017-02-14 16:00:00', 46, 'PHIVOLCS', 'Santiago National High School Agusan Del Norte', 1.28675, 1.2867, 1.28825, 1.28725, '2017-05-22T16:00:08.144Z', '2017-05-23T15:59:12.631Z', NULL, NULL, NULL, NULL, NULL, NULL, 1.2872375, NULL, NULL, NULL, NULL, NULL, NULL, NULL, NULL, NULL, NULL, '2017-05-22 23:19:44', '2017-05-22 23:19:44', 255, '1441027586', '0220294780', 0),
(95, 'CAMPAIGN', '2017-02-15 16:00:00', 47, 'PHIVOLCS', 'Santiago National High School Agusan Del Norte', 1.8675, 1.287, 1.2885, 1.2875, '2017-05-22T16:00:34.871Z', '2017-05-23T15:59:41.714Z', 180, NULL, NULL, NULL, NULL, NULL, 1.4326249999999998, NULL, NULL, NULL, NULL, NULL, NULL, NULL, NULL, NULL, NULL, '2017-05-22 23:51:09', '2017-05-22 23:51:09', 255, '1441027586', '0220294780', 0),
(96, 'CAMPAIGN', '2017-02-16 16:00:00', 48, 'PHIVOLCS', 'Santiago National High School Agusan Del Norte', 1.287, 1.287, 1.2885, 1.28725, '2017-05-22T16:00:59.214Z', '2017-05-23T15:45:08.928Z', 180, NULL, NULL, NULL, NULL, NULL, 1.2874375, NULL, NULL, NULL, NULL, NULL, NULL, NULL, NULL, NULL, NULL, '2017-05-22 23:52:37', '2017-05-22 23:52:37', 255, '1441027586', '0220294780', 0),
(99, 'CAMPAIGN', '2017-02-13 16:00:00', 45, 'PHIVOLCS', 'Mainit National High School Surigao Del Norte', 1.4525, 1.4535, 1.454, 1.4525, '2017-05-22T23:31:11.840Z', '2017-05-23T15:59:17.661Z', 185, NULL, NULL, NULL, NULL, NULL, 1.4531249999999998, NULL, NULL, NULL, NULL, NULL, NULL, NULL, NULL, NULL, NULL, '2017-05-23 00:06:43', '2017-05-23 00:06:43', 245, '60154113', '4814149946', 0),
(100, 'CAMPAIGN', '2017-02-14 16:00:00', 46, 'PHIVOLCS', 'Mainit National High School Surigao Del Norte', 1.4532, 1.45375, 1.45375, 1.45275, '2017-05-22T16:00:17.380Z', '2017-05-23T15:59:21.754Z', 185, NULL, NULL, NULL, NULL, NULL, 1.4533625000000001, NULL, NULL, NULL, NULL, NULL, NULL, NULL, NULL, NULL, NULL, '2017-05-23 02:48:47', '2017-05-23 02:48:47', 245, '60154113', '4814149946', 0),
(167, 'CAMPAIGN', '2017-02-15 16:00:00', 47, 'PHIVOLCS', 'Mainit National High School Surigao Del Norte', 1.45275, 1.45375, 1.45425, 1.453, '2017-05-22T16:00:18.017Z', '2017-05-23T15:59:22.554Z', 180, NULL, NULL, NULL, NULL, NULL, 1.4534375000000002, NULL, NULL, NULL, NULL, NULL, NULL, NULL, NULL, NULL, NULL, '2017-05-23 03:00:03', '2017-05-23 03:00:03', 245, '60154113', '4814149946', 0),
(168, 'CAMPAIGN', '2017-02-16 16:00:00', 48, 'PHIVOLCS', 'Mainit National High School Surigao Del Norte', 1.45325, 1.45425, 1.455, 1.4535, '2017-05-22T16:00:19.780Z', NULL, 185, '2017-05-23T15:59:23.280Z', NULL, NULL, NULL, NULL, 1.454, NULL, NULL, NULL, NULL, NULL, NULL, NULL, NULL, NULL, NULL, '2017-05-23 03:01:47', '2017-05-23 03:01:47', 245, '60154113', '4814149946', 0),
(169, 'CAMPAIGN', '2017-02-17 16:00:00', 49, 'PHIVOLCS', 'Mainit National High School Surigao Del Norte', 1.4535, 1.45425, 1.4525, 1.453, '2017-05-22T16:00:58.787Z', NULL, 185, '2017-05-23T15:59:02.062Z', NULL, NULL, NULL, NULL, 1.4533125, NULL, NULL, NULL, NULL, NULL, NULL, NULL, NULL, NULL, NULL, '2017-05-23 03:03:26', '2017-05-23 03:03:26', 245, '60154113', '4814149946', 0),
(170, 'CAMPAIGN', '2016-03-16 16:00:00', 77, 'PIVS', 'Balud Central School', 1.507, 1.506, 1.506, 1.506, '2017-05-22T16:00:58.943Z', '2017-05-23T15:59:02.413Z', 149, NULL, NULL, NULL, NULL, NULL, 1.50625, NULL, NULL, NULL, NULL, NULL, NULL, NULL, NULL, NULL, NULL, '2017-05-23 04:10:50', '2017-05-23 04:10:50', 196, '12382983', '4912167255', 0),
(171, 'CAMPAIGN', '2016-03-17 16:00:00', 78, 'PIVS', 'Balud Central School', 1.504, 1.504, 1.504, 1.504, '2017-05-22T16:00:23.719Z', '2017-05-23T15:59:28.176Z', 164, NULL, NULL, NULL, NULL, NULL, 1.504, NULL, NULL, NULL, NULL, NULL, NULL, NULL, NULL, NULL, NULL, '2017-05-23 04:13:55', '2017-05-23 04:13:55', 196, '12382983', '4912167255', 0),
(172, 'CAMPAIGN', '2016-03-18 16:00:00', 79, 'PIVS', 'Balud Central School', 1.504, 1.504, 1.504, 1.504, NULL, '2017-05-22T18:50:57.796Z', NULL, NULL, NULL, NULL, NULL, NULL, 1.504, NULL, NULL, NULL, NULL, NULL, NULL, NULL, NULL, NULL, NULL, '2017-05-23 04:15:25', '2017-05-23 04:15:25', 196, '12382983', '4912167255', 0),
(173, 'CAMPAIGN', '2016-03-19 16:00:00', 80, 'PIVS', 'Danao Ticao', 1.385, 1.385, 1.384, 1.385, '2017-05-22T18:33:47.296Z', NULL, 183, NULL, NULL, NULL, NULL, NULL, 1.38475, NULL, NULL, NULL, NULL, NULL, NULL, NULL, NULL, NULL, NULL, '2017-05-23 04:17:18', '2017-05-23 04:17:18', 173, '12382983', '4912167255', 0),
(174, 'CAMPAIGN', '2016-03-20 16:00:00', 81, 'PIVS', 'Danao Ticao', 1.384, 1.385, 1.385, 1.385, '2017-05-22T16:00:47.820Z', '2017-05-23T15:59:53.324Z', 159, NULL, NULL, NULL, NULL, NULL, 1.38475, NULL, NULL, NULL, NULL, NULL, NULL, NULL, NULL, NULL, NULL, '2017-05-23 04:19:21', '2017-05-23 04:19:21', 173, '12382983', '4912167255', 0);


INSERT INTO `observer` (`createdAt`, `updatedAt`, `logsheetId`, `staffId`) VALUES
('2017-05-12 08:05:38', '2017-05-12 08:05:38', 1, 7),
('2017-05-12 08:05:38', '2017-05-12 08:05:38', 1, 9),
('2017-05-12 08:05:38', '2017-05-12 08:05:38', 1, 15),
('2017-05-12 08:08:43', '2017-05-12 08:08:43', 2, 3),
('2017-05-12 08:08:43', '2017-05-12 08:08:43', 2, 7),
('2017-05-12 08:08:43', '2017-05-12 08:08:43', 2, 9),
('2017-05-12 08:08:43', '2017-05-12 08:08:43', 2, 15),
('2017-05-12 08:11:12', '2017-05-12 08:11:12', 3, 7),
('2017-05-12 08:11:12', '2017-05-12 08:11:12', 3, 9),
('2017-05-12 08:11:12', '2017-05-12 08:11:12', 3, 15),
('2017-05-12 08:13:27', '2017-05-12 08:13:27', 4, 7),
('2017-05-12 08:13:27', '2017-05-12 08:13:27', 4, 9),
('2017-05-12 08:13:27', '2017-05-12 08:13:27', 4, 15),
('2017-05-12 08:17:13', '2017-05-12 08:17:13', 5, 7),
('2017-05-12 08:17:13', '2017-05-12 08:17:13', 5, 15),
('2017-05-12 08:20:48', '2017-05-12 08:20:48', 6, 7),
('2017-05-12 08:20:48', '2017-05-12 08:20:48', 6, 9),
('2017-05-12 08:20:48', '2017-05-12 08:20:48', 6, 15),
('2017-05-12 08:23:15', '2017-05-12 08:23:15', 7, 7),
('2017-05-12 08:23:15', '2017-05-12 08:23:15', 7, 9),
('2017-05-12 08:23:15', '2017-05-12 08:23:15', 7, 15),
('2017-05-12 08:36:30', '2017-05-12 08:36:30', 8, 7),
('2017-05-12 08:36:30', '2017-05-12 08:36:30', 8, 15),
('2017-05-12 08:49:08', '2017-05-12 08:49:08', 9, 7),
('2017-05-12 08:49:08', '2017-05-12 08:49:08', 9, 9),
('2017-05-12 08:49:08', '2017-05-12 08:49:08', 9, 15),
('2017-05-12 08:52:21', '2017-05-12 08:52:21', 10, 7),
('2017-05-12 08:52:21', '2017-05-12 08:52:21', 10, 9),
('2017-05-12 08:52:21', '2017-05-12 08:52:21', 10, 15),
('2017-05-16 05:16:16', '2017-05-16 05:16:16', 11, 7),
('2017-05-16 05:16:16', '2017-05-16 05:16:16', 11, 9),
('2017-05-16 05:16:16', '2017-05-16 05:16:16', 11, 15),
('2017-05-16 05:20:31', '2017-05-16 05:20:31', 12, 7),
('2017-05-16 05:20:31', '2017-05-16 05:20:31', 12, 9),
('2017-05-16 05:20:31', '2017-05-16 05:20:31', 12, 15),
('2017-05-16 05:23:16', '2017-05-16 05:23:16', 13, 7),
('2017-05-16 05:23:16', '2017-05-16 05:23:16', 13, 9),
('2017-05-16 05:23:16', '2017-05-16 05:23:16', 13, 15),
('2017-05-16 05:26:38', '2017-05-16 05:26:38', 14, 3),
('2017-05-16 05:26:38', '2017-05-16 05:26:38', 14, 7),
('2017-05-16 05:26:38', '2017-05-16 05:26:38', 14, 9),
('2017-05-16 05:28:44', '2017-05-16 05:28:44', 15, 3),
('2017-05-16 05:28:44', '2017-05-16 05:28:44', 15, 7),
('2017-05-16 05:28:44', '2017-05-16 05:28:44', 15, 9),
('2017-05-16 05:31:16', '2017-05-16 05:31:16', 16, 3),
('2017-05-16 05:31:16', '2017-05-16 05:31:16', 16, 7),
('2017-05-16 05:31:16', '2017-05-16 05:31:16', 16, 9),
('2017-05-16 05:34:11', '2017-05-16 05:34:11', 17, 3),
('2017-05-16 05:34:11', '2017-05-16 05:34:11', 17, 7),
('2017-05-16 05:34:11', '2017-05-16 05:34:11', 17, 9),
('2017-05-16 05:36:04', '2017-05-16 05:36:04', 18, 3),
('2017-05-16 05:36:04', '2017-05-16 05:36:04', 18, 7),
('2017-05-16 05:36:04', '2017-05-16 05:36:04', 18, 9),
('2017-05-16 05:40:30', '2017-05-16 05:40:30', 19, 3),
('2017-05-16 05:40:30', '2017-05-16 05:40:30', 19, 7),
('2017-05-16 05:40:30', '2017-05-16 05:40:30', 19, 9),
('2017-05-16 05:43:01', '2017-05-16 05:43:01', 20, 3),
('2017-05-16 05:43:01', '2017-05-16 05:43:01', 20, 7),
('2017-05-16 05:43:01', '2017-05-16 05:43:01', 20, 9),
('2017-05-16 05:46:05', '2017-05-16 05:46:05', 21, 3),
('2017-05-16 05:46:05', '2017-05-16 05:46:05', 21, 7),
('2017-05-16 05:46:05', '2017-05-16 05:46:05', 21, 9),
('2017-05-16 05:48:35', '2017-05-16 05:48:35', 22, 3),
('2017-05-16 05:48:35', '2017-05-16 05:48:35', 22, 7),
('2017-05-16 05:48:35', '2017-05-16 05:48:35', 22, 9),
('2017-05-16 05:50:36', '2017-05-16 05:50:36', 23, 3),
('2017-05-16 05:50:36', '2017-05-16 05:50:36', 23, 7),
('2017-05-16 05:50:36', '2017-05-16 05:50:36', 23, 9),
('2017-05-16 06:01:18', '2017-05-16 06:01:18', 25, 3),
('2017-05-16 06:01:18', '2017-05-16 06:01:18', 25, 7),
('2017-05-16 06:01:18', '2017-05-16 06:01:18', 25, 9),
('2017-05-16 07:03:49', '2017-05-16 07:03:49', 26, 3),
('2017-05-16 07:03:49', '2017-05-16 07:03:49', 26, 7),
('2017-05-16 07:03:49', '2017-05-16 07:03:49', 26, 9),
('2017-05-16 07:06:14', '2017-05-16 07:06:14', 27, 3),
('2017-05-16 07:06:14', '2017-05-16 07:06:14', 27, 7),
('2017-05-16 07:06:14', '2017-05-16 07:06:14', 27, 9),
('2017-05-16 07:49:33', '2017-05-16 07:49:33', 28, 3),
('2017-05-16 07:49:33', '2017-05-16 07:49:33', 28, 7),
('2017-05-16 07:49:33', '2017-05-16 07:49:33', 28, 9),
('2017-05-16 07:51:54', '2017-05-16 07:51:54', 29, 7),
('2017-05-16 07:51:54', '2017-05-16 07:51:54', 29, 9),
('2017-05-16 07:51:54', '2017-05-16 07:51:54', 29, 15),
('2017-05-16 07:55:17', '2017-05-16 07:55:17', 30, 7),
('2017-05-16 07:55:17', '2017-05-16 07:55:17', 30, 15),
('2017-05-16 07:57:17', '2017-05-16 07:57:17', 31, 3),
('2017-05-16 07:57:17', '2017-05-16 07:57:17', 31, 7),
('2017-05-16 07:57:17', '2017-05-16 07:57:17', 31, 9),
('2017-05-16 07:57:17', '2017-05-16 07:57:17', 31, 15),
('2017-05-16 07:59:19', '2017-05-16 07:59:19', 32, 3),
('2017-05-16 07:59:19', '2017-05-16 07:59:19', 32, 7),
('2017-05-16 07:59:19', '2017-05-16 07:59:19', 32, 9),
('2017-05-16 07:59:19', '2017-05-16 07:59:19', 32, 15),
('2017-05-16 08:01:34', '2017-05-16 08:01:34', 33, 3),
('2017-05-16 08:01:34', '2017-05-16 08:01:34', 33, 7),
('2017-05-16 08:01:34', '2017-05-16 08:01:34', 33, 9),
('2017-05-16 08:01:34', '2017-05-16 08:01:34', 33, 15),
('2017-05-16 08:03:30', '2017-05-16 08:03:30', 34, 3),
('2017-05-16 08:03:30', '2017-05-16 08:03:30', 34, 7),
('2017-05-16 08:03:30', '2017-05-16 08:03:30', 34, 9),
('2017-05-16 08:03:30', '2017-05-16 08:03:30', 34, 15),
('2017-05-17 02:33:00', '2017-05-17 02:33:00', 35, 3),
('2017-05-17 02:33:00', '2017-05-17 02:33:00', 35, 6),
('2017-05-17 02:33:00', '2017-05-17 02:33:00', 35, 7),
('2017-05-17 02:33:00', '2017-05-17 02:33:00', 35, 9),
('2017-05-17 02:35:37', '2017-05-17 02:35:37', 36, 3),
('2017-05-17 02:35:37', '2017-05-17 02:35:37', 36, 6),
('2017-05-17 02:35:37', '2017-05-17 02:35:37', 36, 7),
('2017-05-17 02:35:37', '2017-05-17 02:35:37', 36, 9),
('2017-05-17 02:39:51', '2017-05-17 02:39:51', 37, 5),
('2017-05-17 02:39:51', '2017-05-17 02:39:51', 37, 8),
('2017-05-17 02:47:12', '2017-05-17 02:47:12', 38, 3),
('2017-05-17 02:47:12', '2017-05-17 02:47:12', 38, 5),
('2017-05-17 02:47:12', '2017-05-17 02:47:12', 38, 6),
('2017-05-17 02:47:12', '2017-05-17 02:47:12', 38, 7),
('2017-05-17 02:47:12', '2017-05-17 02:47:12', 38, 9),
('2017-05-17 02:59:00', '2017-05-17 02:59:00', 39, 3),
('2017-05-17 02:59:00', '2017-05-17 02:59:00', 39, 6),
('2017-05-17 02:59:00', '2017-05-17 02:59:00', 39, 7),
('2017-05-17 02:59:00', '2017-05-17 02:59:00', 39, 9),
('2017-05-17 03:03:39', '2017-05-17 03:03:39', 40, 6),
('2017-05-17 03:03:39', '2017-05-17 03:03:39', 40, 8),
('2017-05-17 03:11:20', '2017-05-17 03:11:20', 42, 6),
('2017-05-17 03:11:20', '2017-05-17 03:11:20', 42, 8),
('2017-05-17 03:14:28', '2017-05-17 03:14:28', 43, 6),
('2017-05-17 03:14:28', '2017-05-17 03:14:28', 43, 8),
('2017-05-17 03:18:12', '2017-05-17 03:18:12', 44, 6),
('2017-05-17 03:18:12', '2017-05-17 03:18:12', 44, 8),
('2017-05-17 03:23:40', '2017-05-17 03:23:40', 45, 6),
('2017-05-17 03:23:40', '2017-05-17 03:23:40', 45, 8),
('2017-05-17 03:30:47', '2017-05-17 03:30:47', 46, 6),
('2017-05-17 03:30:47', '2017-05-17 03:30:47', 46, 8),
('2017-05-17 03:38:15', '2017-05-17 03:38:15', 47, 6),
('2017-05-17 03:38:15', '2017-05-17 03:38:15', 47, 8),
('2017-05-17 05:09:42', '2017-05-17 05:09:42', 48, 6),
('2017-05-17 05:09:42', '2017-05-17 05:09:42', 48, 8),
('2017-05-17 05:12:39', '2017-05-17 05:12:39', 49, 6),
('2017-05-17 05:12:39', '2017-05-17 05:12:39', 49, 8),
('2017-05-17 05:14:46', '2017-05-17 05:14:46', 50, 6),
('2017-05-17 05:14:46', '2017-05-17 05:14:46', 50, 8),
('2017-05-17 05:16:44', '2017-05-17 05:16:44', 51, 6),
('2017-05-17 05:16:44', '2017-05-17 05:16:44', 51, 8),
('2017-05-17 05:18:29', '2017-05-17 05:18:29', 52, 6),
('2017-05-17 05:18:29', '2017-05-17 05:18:29', 52, 8),
('2017-05-17 05:21:15', '2017-05-17 05:21:15', 53, 6),
('2017-05-17 05:21:15', '2017-05-17 05:21:15', 53, 8),
('2017-05-17 05:23:29', '2017-05-17 05:23:29', 54, 6),
('2017-05-17 05:23:29', '2017-05-17 05:23:29', 54, 8),
('2017-05-17 05:25:40', '2017-05-17 05:25:40', 55, 6),
('2017-05-17 05:25:40', '2017-05-17 05:25:40', 55, 8),
('2017-05-17 05:28:51', '2017-05-17 05:28:51', 56, 6),
('2017-05-17 05:28:51', '2017-05-17 05:28:51', 56, 8),
('2017-05-17 05:31:14', '2017-05-17 05:31:14', 57, 6),
('2017-05-17 05:31:14', '2017-05-17 05:31:14', 57, 8),
('2017-05-17 05:34:35', '2017-05-17 05:34:35', 58, 6),
('2017-05-17 05:34:35', '2017-05-17 05:34:35', 58, 8),
('2017-05-17 05:41:32', '2017-05-17 05:41:32', 59, 6),
('2017-05-17 05:41:32', '2017-05-17 05:41:32', 59, 8),
('2017-05-17 05:45:59', '2017-05-17 05:45:59', 60, 6),
('2017-05-17 05:45:59', '2017-05-17 05:45:59', 60, 8),
('2017-05-17 05:48:17', '2017-05-17 05:48:17', 61, 6),
('2017-05-17 05:48:17', '2017-05-17 05:48:17', 61, 8),
('2017-05-17 05:58:24', '2017-05-17 05:58:24', 62, 6),
('2017-05-17 05:58:24', '2017-05-17 05:58:24', 62, 8),
('2017-05-22 06:16:47', '2017-05-22 06:16:47', 63, 6),
('2017-05-22 06:16:47', '2017-05-22 06:16:47', 63, 7),
('2017-05-22 06:23:00', '2017-05-22 06:23:00', 64, 6),
('2017-05-22 06:23:00', '2017-05-22 06:23:00', 64, 7),
('2017-05-22 06:25:29', '2017-05-22 06:25:29', 65, 6),
('2017-05-22 06:25:29', '2017-05-22 06:25:29', 65, 7),
('2017-05-22 06:53:41', '2017-05-22 06:53:41', 66, 5),
('2017-05-22 06:53:41', '2017-05-22 06:53:41', 66, 6),
('2017-05-22 06:53:41', '2017-05-22 06:53:41', 66, 7),
('2017-05-22 06:56:55', '2017-05-22 06:56:55', 67, 5),
('2017-05-22 06:56:55', '2017-05-22 06:56:55', 67, 6),
('2017-05-22 06:56:55', '2017-05-22 06:56:55', 67, 7),
('2017-05-22 06:58:24', '2017-05-22 06:58:24', 68, 5),
('2017-05-22 06:58:24', '2017-05-22 06:58:24', 68, 6),
('2017-05-22 06:58:24', '2017-05-22 06:58:24', 68, 7),
('2017-05-22 07:00:36', '2017-05-22 07:00:36', 69, 3),
('2017-05-22 07:00:36', '2017-05-22 07:00:36', 69, 5),
('2017-05-22 07:03:29', '2017-05-22 07:03:29', 71, 3),
('2017-05-22 07:03:29', '2017-05-22 07:03:29', 71, 5),
('2017-05-22 07:05:30', '2017-05-22 07:05:30', 72, 6),
('2017-05-22 07:05:30', '2017-05-22 07:05:30', 72, 7),
('2017-05-22 07:07:19', '2017-05-22 07:07:19', 73, 6),
('2017-05-22 07:07:19', '2017-05-22 07:07:19', 73, 7),
('2017-05-22 07:15:17', '2017-05-22 07:15:17', 74, 6),
('2017-05-22 07:15:17', '2017-05-22 07:15:17', 74, 7),
('2017-05-22 07:18:01', '2017-05-22 07:18:01', 75, 2),
('2017-05-22 07:18:01', '2017-05-22 07:18:01', 75, 15),
('2017-05-22 07:18:01', '2017-05-22 07:18:01', 75, 33),
('2017-05-22 07:21:35', '2017-05-22 07:21:35', 76, 2),
('2017-05-22 07:23:58', '2017-05-22 07:23:58', 77, 2),
('2017-05-22 07:25:58', '2017-05-22 07:25:58', 78, 2),
('2017-05-22 07:45:28', '2017-05-22 07:45:28', 79, 2),
('2017-05-22 07:45:28', '2017-05-22 07:45:28', 79, 15),
('2017-05-22 07:45:28', '2017-05-22 07:45:28', 79, 33),
('2017-05-22 07:50:35', '2017-05-22 07:50:35', 80, 2),
('2017-05-22 07:54:14', '2017-05-22 07:54:14', 81, 2),
('2017-05-22 07:55:46', '2017-05-22 07:55:46', 82, 2),
('2017-05-22 07:57:30', '2017-05-22 07:57:30', 83, 3),
('2017-05-22 07:57:30', '2017-05-22 07:57:30', 83, 5),
('2017-05-22 07:57:30', '2017-05-22 07:57:30', 83, 6),
('2017-05-22 07:57:30', '2017-05-22 07:57:30', 83, 7),
('2017-05-22 07:59:01', '2017-05-22 07:59:01', 84, 3),
('2017-05-22 07:59:01', '2017-05-22 07:59:01', 84, 5),
('2017-05-22 08:00:37', '2017-05-22 08:00:37', 85, 3),
('2017-05-22 08:00:37', '2017-05-22 08:00:37', 85, 5),
('2017-05-22 08:02:37', '2017-05-22 08:02:37', 86, 3),
('2017-05-22 08:02:37', '2017-05-22 08:02:37', 86, 5),
('2017-05-22 08:04:10', '2017-05-22 08:04:10', 87, 5),
('2017-05-22 08:06:03', '2017-05-22 08:06:03', 88, 2),
('2017-05-22 08:06:03', '2017-05-22 08:06:03', 88, 3),
('2017-05-22 08:06:03', '2017-05-22 08:06:03', 88, 5),
('2017-05-22 08:06:03', '2017-05-22 08:06:03', 88, 6),
('2017-05-22 08:07:33', '2017-05-22 08:07:33', 89, 3),
('2017-05-22 08:07:33', '2017-05-22 08:07:33', 89, 5),
('2017-05-22 08:09:15', '2017-05-22 08:09:15', 90, 3),
('2017-05-22 08:09:15', '2017-05-22 08:09:15', 90, 5),
('2017-05-22 08:10:48', '2017-05-22 08:10:48', 91, 3),
('2017-05-22 08:10:48', '2017-05-22 08:10:48', 91, 5),
('2017-05-22 08:12:14', '2017-05-22 08:12:14', 92, 5),
('2017-05-22 23:18:00', '2017-05-22 23:18:00', 93, 3),
('2017-05-22 23:18:00', '2017-05-22 23:18:00', 93, 5),
('2017-05-22 23:18:00', '2017-05-22 23:18:00', 93, 6),
('2017-05-22 23:18:00', '2017-05-22 23:18:00', 93, 7),
('2017-05-22 23:19:44', '2017-05-22 23:19:44', 94, 3),
('2017-05-22 23:19:44', '2017-05-22 23:19:44', 94, 5),
('2017-05-22 23:51:09', '2017-05-22 23:51:09', 95, 3),
('2017-05-22 23:51:09', '2017-05-22 23:51:09', 95, 5),
('2017-05-22 23:52:37', '2017-05-22 23:52:37', 96, 3),
('2017-05-22 23:52:37', '2017-05-22 23:52:37', 96, 5),
('2017-05-23 00:06:43', '2017-05-23 00:06:43', 99, 3),
('2017-05-23 00:06:43', '2017-05-23 00:06:43', 99, 5),
('2017-05-23 00:06:43', '2017-05-23 00:06:43', 99, 6),
('2017-05-23 00:06:43', '2017-05-23 00:06:43', 99, 7),
('2017-05-23 02:48:48', '2017-05-23 02:48:48', 100, 3),
('2017-05-23 02:48:48', '2017-05-23 02:48:48', 100, 5),
('2017-05-23 03:00:03', '2017-05-23 03:00:03', 167, 3),
('2017-05-23 03:00:03', '2017-05-23 03:00:03', 167, 5),
('2017-05-23 04:13:55', '2017-05-23 04:13:55', 171, 4),
('2017-05-23 04:13:55', '2017-05-23 04:13:55', 171, 14),
('2017-05-23 04:15:26', '2017-05-23 04:15:26', 172, 4),
('2017-05-23 04:15:26', '2017-05-23 04:15:26', 172, 14),
('2017-05-23 04:17:18', '2017-05-23 04:17:18', 173, 4),
('2017-05-23 04:17:18', '2017-05-23 04:17:18', 173, 14),
('2017-05-23 04:19:21', '2017-05-23 04:19:21', 174, 4),
('2017-05-23 04:19:21', '2017-05-23 04:19:21', 174, 14);
