INSERT INTO `antennas` (`id`, `serial_number`, `part_number`, `type`, `createdAt`, `updatedAt`) VALUES
(1, '123456789', 'adad', 'daa', '0000-00-00 00:00:00', '0000-00-00 00:00:00'),
(2, '1440929209', '57971-00 DC 4937', 'Zephyr Geodetic Model 2', '0000-00-00 00:00:00', '0000-00-00 00:00:00'),
(3, '1441021247', '57971-00 DC 5024', 'Zephyr Geodetic Model 2', '0000-00-00 00:00:00', '0000-00-00 00:00:00'),
(4, '1441021343', '57971-00 DC 5024', 'Zephyr Geodetic Model 2', '0000-00-00 00:00:00', '0000-00-00 00:00:00'),
(5, '1441021516', '57971-00 DC 5024', 'Zephyr Geodetic Model 2', '0000-00-00 00:00:00', '0000-00-00 00:00:00'),
(6, '1441027115', '57971-00 DC 5031', 'Zephyr Geodetic Model 2', '0000-00-00 00:00:00', '0000-00-00 00:00:00'),
(7, '1441027148', '57971-00 DC 5031', 'Zephyr Geodetic Model 2', '0000-00-00 00:00:00', '0000-00-00 00:00:00'),
(8, '1441027374', '57971-00 DC 5031', 'Zephyr Geodetic Model 2', '0000-00-00 00:00:00', '0000-00-00 00:00:00'),
(9, '1441027586', '57971-00 DC 5031', 'Zephyr Geodetic Model 2', '0000-00-00 00:00:00', '0000-00-00 00:00:00'),
(10, '1441027979', '57971-00 DC 5031', 'Zephyr Geodetic Model 2', '0000-00-00 00:00:00', '0000-00-00 00:00:00'),
(11, '12382983', '41249-00 DC 4235', 'Zephyr Geodetic', '0000-00-00 00:00:00', '0000-00-00 00:00:00'),
(12, '12382994', '41249-00 DC 4235', 'Zephyr Geodetic', '0000-00-00 00:00:00', '0000-00-00 00:00:00'),
(13, '12383088', '41249-00 DC 4235', 'Zephyr Geodetic', '0000-00-00 00:00:00', '0000-00-00 00:00:00'),
(14, '12393268', '41249-00 DC 4235', 'Zephyr Geodetic', '0000-00-00 00:00:00', '0000-00-00 00:00:00'),
(15, '12393278', '41249-00 DC 4235', 'Zephyr Geodetic', '0000-00-00 00:00:00', '0000-00-00 00:00:00'),
(16, '12393346', '41249-00 DC 4235', 'Zephyr Geodetic', '0000-00-00 00:00:00', '0000-00-00 00:00:00'),
(17, '60220467', '41249-00 DC 4732', 'Zephyr Geodetic', '0000-00-00 00:00:00', '0000-00-00 00:00:00'),
(18, '60250556', '41249-00 DC 4838', 'Zephyr Geodetic', '0000-00-00 00:00:00', '0000-00-00 00:00:00'),
(19, '60251466', '41249-00 DC 4838', 'Zephyr Geodetic', '0000-00-00 00:00:00', '0000-00-00 00:00:00'),
(20, '60267892', '41249-00 DC 4918', 'Zephyr Geodetic', '0000-00-00 00:00:00', '0000-00-00 00:00:00'),
(21, '12545333', '41249-00 DC 4345', 'Zephyr Geodetic', '0000-00-00 00:00:00', '0000-00-00 00:00:00'),
(22, '12518000', '41249-00 DC 4345', 'Zephyr Geodetic', '0000-00-00 00:00:00', '0000-00-00 00:00:00'),
(23, '60154113', '41249-00 DC4621', 'Zephyr Geodetic', '2017-05-05 01:01:25', '2017-05-05 01:01:25');

INSERT INTO `receivers` (`id`, `serial_number`, `type`, `part_number`, `createdAt`, `updatedAt`) VALUES
(1, '123456789', 'adad', 'dadada', '0000-00-00 00:00:00', '0000-00-00 00:00:00'),
(2, '3551A13863', 'Trimble 4000SSi', '24840-41', '0000-00-00 00:00:00', '0000-00-00 00:00:00'),
(3, '3551A13917', 'Trimble 4000SSi', '24840-41', '0000-00-00 00:00:00', '0000-00-00 00:00:00'),
(4, '3905A25361', 'Trimble 4000SSi', '24840-41', '0000-00-00 00:00:00', '0000-00-00 00:00:00'),
(5, '3906A25428', 'Trimble 4000SSi', '24840-41', '0000-00-00 00:00:00', '0000-00-00 00:00:00'),
(6, '3941A26962', 'Trimble 4000SSi', '24840-41', '0000-00-00 00:00:00', '0000-00-00 00:00:00'),
(7, '4017A28158', 'Trimble 4000SSi', '24840-41', '0000-00-00 00:00:00', '0000-00-00 00:00:00'),
(8, '4023A28515', 'Trimble 4000SSi', '24840-41', '0000-00-00 00:00:00', '0000-00-00 00:00:00'),
(9, '4906165518', 'Trimble 5700 II', '65873-00', '0000-00-00 00:00:00', '0000-00-00 00:00:00'),
(10, '4906165602', 'Trimble 5700 II', '65873-00', '0000-00-00 00:00:00', '0000-00-00 00:00:00'),
(11, '4911166850', 'Trimble 5700 II', '65873-00', '0000-00-00 00:00:00', '0000-00-00 00:00:00'),
(12, '4911166851', 'Trimble 5700 II', '65873-00', '0000-00-00 00:00:00', '0000-00-00 00:00:00'),
(13, '4912167239', 'Trimble 5700 II', '65873-00', '0000-00-00 00:00:00', '0000-00-00 00:00:00'),
(14, '4912167244', 'Trimble 5700 II', '65873-00', '0000-00-00 00:00:00', '0000-00-00 00:00:00'),
(15, '4912167254', 'Trimble 5700 II', '65873-00', '0000-00-00 00:00:00', '0000-00-00 00:00:00'),
(16, '4912167255', 'Trimble 5700 II', '65873-00', '0000-00-00 00:00:00', '0000-00-00 00:00:00'),
(17, '4935400803', 'Trimble 5700 II', '65873-00', '0000-00-00 00:00:00', '0000-00-00 00:00:00'),
(18, '0220294779', 'Trimble 5700', '40406-00', '0000-00-00 00:00:00', '0000-00-00 00:00:00'),
(19, '0220358872', 'Trimble 5700', '40406-00', '0000-00-00 00:00:00', '0000-00-00 00:00:00'),
(20, '0220281552', 'Trimble 5700', '40406-32', '0000-00-00 00:00:00', '0000-00-00 00:00:00'),
(21, '0220294778', 'Trimble 5700', '40406-32', '0000-00-00 00:00:00', '0000-00-00 00:00:00'),
(22, '0220294780', 'Trimble 5700', '40406-32', '0000-00-00 00:00:00', '0000-00-00 00:00:00'),
(23, '0220294782', 'Trimble 5700', '40406-32', '0000-00-00 00:00:00', '0000-00-00 00:00:00'),
(24, '0220294783', 'Trimble 5700', '40406-32', '0000-00-00 00:00:00', '0000-00-00 00:00:00'),
(25, '0220294794', 'Trimble 5700', '40406-32', '0000-00-00 00:00:00', '0000-00-00 00:00:00'),
(26, '0440100597', 'Trimble 5700', '40406-32', '0000-00-00 00:00:00', '0000-00-00 00:00:00'),
(27, '4814149941', 'Trimble 5700', '63592-00', '0000-00-00 00:00:00', '0000-00-00 00:00:00'),
(28, '4814149946', 'Trimble 5700', '63592-00', '0000-00-00 00:00:00', '0000-00-00 00:00:00'),
(29, '5035K69803', 'Trimble Net R9', '67668-10', '0000-00-00 00:00:00', '0000-00-00 00:00:00'),
(30, '5035K69860', 'Trimble Net R9', '67668-10', '0000-00-00 00:00:00', '0000-00-00 00:00:00'),
(31, '5503R50022', 'Trimble Net R9', '67668-10', '0000-00-00 00:00:00', '0000-00-00 00:00:00'),
(32, '5035K69861', 'Trimble Net R9', '67668-10', '0000-00-00 00:00:00', '0000-00-00 00:00:00'),
(33, '5049K72284', 'Trimble Net R9', '67668-10', '0000-00-00 00:00:00', '0000-00-00 00:00:00'),
(34, '5116K75192', 'Trimble Net R9', '67668-10', '0000-00-00 00:00:00', '0000-00-00 00:00:00'),
(35, '4450241606', 'Trimble Net RS', '', '0000-00-00 00:00:00', '0000-00-00 00:00:00'),
(36, '4409232263', 'Trimble Net RS', '45905-00', '0000-00-00 00:00:00', '0000-00-00 00:00:00'),
(37, '4409232247', 'Trimble Net RS', '45905-00', '0000-00-00 00:00:00', '0000-00-00 00:00:00');

INSERT INTO `site_names` (`id`, `site_name`, `createdAt`, `updatedAt`) VALUES
(1, 'AB14', '0000-00-00 00:00:00', '0000-00-00 00:00:00'),
(2, 'ABLA', '0000-00-00 00:00:00', '0000-00-00 00:00:00'),
(3, 'ADMI', '0000-00-00 00:00:00', '0000-00-00 00:00:00'),
(4, 'ALAB', '0000-00-00 00:00:00', '0000-00-00 00:00:00'),
(5, 'ALBU', '0000-00-00 00:00:00', '0000-00-00 00:00:00'),
(6, 'ALIC', '0000-00-00 00:00:00', '0000-00-00 00:00:00'),
(7, 'ANGT', '0000-00-00 00:00:00', '0000-00-00 00:00:00'),
(8, 'ANQ0', '0000-00-00 00:00:00', '0000-00-00 00:00:00'),
(9, 'ANTP', '0000-00-00 00:00:00', '0000-00-00 00:00:00'),
(10, 'APAR', '0000-00-00 00:00:00', '0000-00-00 00:00:00'),
(11, 'AR17', '0000-00-00 00:00:00', '0000-00-00 00:00:00'),
(12, 'AR30', '0000-00-00 00:00:00', '0000-00-00 00:00:00'),
(13, 'AROY', '0000-00-00 00:00:00', '0000-00-00 00:00:00'),
(14, 'ATIM', '0000-00-00 00:00:00', '0000-00-00 00:00:00'),
(15, 'AUR1', '0000-00-00 00:00:00', '0000-00-00 00:00:00'),
(16, 'AURA', '0000-00-00 00:00:00', '0000-00-00 00:00:00'),
(17, 'AURO', '0000-00-00 00:00:00', '0000-00-00 00:00:00'),
(18, 'BACO', '0000-00-00 00:00:00', '0000-00-00 00:00:00'),
(19, 'BAGB', '0000-00-00 00:00:00', '0000-00-00 00:00:00'),
(20, 'BAGU', '0000-00-00 00:00:00', '0000-00-00 00:00:00'),
(21, 'BAKO', '0000-00-00 00:00:00', '0000-00-00 00:00:00'),
(22, 'BALA', '0000-00-00 00:00:00', '0000-00-00 00:00:00'),
(23, 'BALU', '0000-00-00 00:00:00', '0000-00-00 00:00:00'),
(24, 'BANI', '0000-00-00 00:00:00', '0000-00-00 00:00:00'),
(25, 'BARB', '0000-00-00 00:00:00', '0000-00-00 00:00:00'),
(26, 'BASC', '0000-00-00 00:00:00', '0000-00-00 00:00:00'),
(27, 'BATC', '0000-00-00 00:00:00', '0000-00-00 00:00:00'),
(28, 'BAYB', '0000-00-00 00:00:00', '0000-00-00 00:00:00'),
(29, 'BGB1', '0000-00-00 00:00:00', '0000-00-00 00:00:00'),
(30, 'BICA', '0000-00-00 00:00:00', '0000-00-00 00:00:00'),
(31, 'BLNA', '0000-00-00 00:00:00', '0000-00-00 00:00:00'),
(32, 'BNBA', '0000-00-00 00:00:00', '0000-00-00 00:00:00'),
(33, 'BNOR', '0000-00-00 00:00:00', '0000-00-00 00:00:00'),
(34, 'BOLI', '0000-00-00 00:00:00', '0000-00-00 00:00:00'),
(35, 'BONG', '0000-00-00 00:00:00', '0000-00-00 00:00:00'),
(36, 'BONT', '0000-00-00 00:00:00', '0000-00-00 00:00:00'),
(37, 'BRG1', '0000-00-00 00:00:00', '0000-00-00 00:00:00'),
(38, 'BRGC', '0000-00-00 00:00:00', '0000-00-00 00:00:00'),
(39, 'BSCS', '0000-00-00 00:00:00', '0000-00-00 00:00:00'),
(40, 'BTS3', '0000-00-00 00:00:00', '0000-00-00 00:00:00'),
(41, 'BTUN', '0000-00-00 00:00:00', '0000-00-00 00:00:00'),
(42, 'BUCA', '0000-00-00 00:00:00', '0000-00-00 00:00:00'),
(43, 'BUGS', '0000-00-00 00:00:00', '0000-00-00 00:00:00'),
(44, 'BULA', '0000-00-00 00:00:00', '0000-00-00 00:00:00'),
(45, 'BURG', '0000-00-00 00:00:00', '0000-00-00 00:00:00'),
(46, 'BURN', '0000-00-00 00:00:00', '0000-00-00 00:00:00'),
(47, 'CABN', '0000-00-00 00:00:00', '0000-00-00 00:00:00'),
(48, 'CACA', '0000-00-00 00:00:00', '0000-00-00 00:00:00'),
(49, 'CALA', '0000-00-00 00:00:00', '0000-00-00 00:00:00'),
(50, 'CALB', '0000-00-00 00:00:00', '0000-00-00 00:00:00'),
(51, 'CALC', '0000-00-00 00:00:00', '0000-00-00 00:00:00'),
(52, 'CALI', '0000-00-00 00:00:00', '0000-00-00 00:00:00'),
(53, 'CARI', '0000-00-00 00:00:00', '0000-00-00 00:00:00'),
(54, 'CATA', '0000-00-00 00:00:00', '0000-00-00 00:00:00'),
(55, 'CATM', '0000-00-00 00:00:00', '0000-00-00 00:00:00'),
(56, 'CEA1', '0000-00-00 00:00:00', '0000-00-00 00:00:00'),
(57, 'CEB1', '0000-00-00 00:00:00', '0000-00-00 00:00:00'),
(58, 'CEBA', '0000-00-00 00:00:00', '0000-00-00 00:00:00'),
(59, 'CEBB', '0000-00-00 00:00:00', '0000-00-00 00:00:00'),
(60, 'CEBC', '0000-00-00 00:00:00', '0000-00-00 00:00:00'),
(61, 'CEBD', '0000-00-00 00:00:00', '0000-00-00 00:00:00'),
(62, 'CEBU', '0000-00-00 00:00:00', '0000-00-00 00:00:00'),
(63, 'CG95', '0000-00-00 00:00:00', '0000-00-00 00:00:00'),
(64, 'CLAV', '0000-00-00 00:00:00', '0000-00-00 00:00:00'),
(65, 'CLYN', '0000-00-00 00:00:00', '0000-00-00 00:00:00'),
(66, 'CMGN', '0000-00-00 00:00:00', '0000-00-00 00:00:00'),
(67, 'CMN2', '0000-00-00 00:00:00', '0000-00-00 00:00:00'),
(68, 'CMS2', '0000-00-00 00:00:00', '0000-00-00 00:00:00'),
(69, 'CNTA', '0000-00-00 00:00:00', '0000-00-00 00:00:00'),
(70, 'COTA', '0000-00-00 00:00:00', '0000-00-00 00:00:00'),
(71, 'COTB', '0000-00-00 00:00:00', '0000-00-00 00:00:00'),
(72, 'COTC', '0000-00-00 00:00:00', '0000-00-00 00:00:00'),
(73, 'COTD', '0000-00-00 00:00:00', '0000-00-00 00:00:00'),
(74, 'COTE', '0000-00-00 00:00:00', '0000-00-00 00:00:00'),
(75, 'COTF', '0000-00-00 00:00:00', '0000-00-00 00:00:00'),
(76, 'COTG', '0000-00-00 00:00:00', '0000-00-00 00:00:00'),
(77, 'COTH', '0000-00-00 00:00:00', '0000-00-00 00:00:00'),
(78, 'CRIS', '0000-00-00 00:00:00', '0000-00-00 00:00:00'),
(79, 'CRLN', '0000-00-00 00:00:00', '0000-00-00 00:00:00'),
(80, 'CTE1', '0000-00-00 00:00:00', '0000-00-00 00:00:00'),
(81, 'CUSV', '0000-00-00 00:00:00', '0000-00-00 00:00:00'),
(82, 'CUYP', '0000-00-00 00:00:00', '0000-00-00 00:00:00'),
(83, 'DAEJ', '0000-00-00 00:00:00', '0000-00-00 00:00:00'),
(84, 'DARW', '0000-00-00 00:00:00', '0000-00-00 00:00:00'),
(85, 'DIMA', '0000-00-00 00:00:00', '0000-00-00 00:00:00'),
(86, 'DINA', '0000-00-00 00:00:00', '0000-00-00 00:00:00'),
(87, 'DIPA', '0000-00-00 00:00:00', '0000-00-00 00:00:00'),
(88, 'DULA', '0000-00-00 00:00:00', '0000-00-00 00:00:00'),
(89, 'ELNA', '0000-00-00 00:00:00', '0000-00-00 00:00:00'),
(90, 'GABU', '0000-00-00 00:00:00', '0000-00-00 00:00:00'),
(91, 'GONZ', '0000-00-00 00:00:00', '0000-00-00 00:00:00'),
(92, 'GUAM', '0000-00-00 00:00:00', '0000-00-00 00:00:00'),
(93, 'GUIN', '0000-00-00 00:00:00', '0000-00-00 00:00:00'),
(94, 'GUMA', '0000-00-00 00:00:00', '0000-00-00 00:00:00'),
(95, 'GUNG', '0000-00-00 00:00:00', '0000-00-00 00:00:00'),
(96, 'GUNY', '0000-00-00 00:00:00', '0000-00-00 00:00:00'),
(97, 'HINA', '0000-00-00 00:00:00', '0000-00-00 00:00:00'),
(98, 'IBAZ', '0000-00-00 00:00:00', '0000-00-00 00:00:00'),
(99, 'IFG1', '0000-00-00 00:00:00', '0000-00-00 00:00:00'),
(100, 'IFR3', '0000-00-00 00:00:00', '0000-00-00 00:00:00'),
(101, 'ILN3', '0000-00-00 00:00:00', '0000-00-00 00:00:00'),
(102, 'ILO1', '0000-00-00 00:00:00', '0000-00-00 00:00:00'),
(103, 'ILO2', '0000-00-00 00:00:00', '0000-00-00 00:00:00'),
(104, 'INFA', '0000-00-00 00:00:00', '0000-00-00 00:00:00'),
(105, 'IS26', '0000-00-00 00:00:00', '0000-00-00 00:00:00'),
(106, 'IS31', '0000-00-00 00:00:00', '0000-00-00 00:00:00'),
(107, 'ISAB', '0000-00-00 00:00:00', '0000-00-00 00:00:00'),
(108, 'ISB4', '0000-00-00 00:00:00', '0000-00-00 00:00:00'),
(109, 'ITBA', '0000-00-00 00:00:00', '0000-00-00 00:00:00'),
(110, 'ITGN', '0000-00-00 00:00:00', '0000-00-00 00:00:00'),
(111, 'JOSE', '0000-00-00 00:00:00', '0000-00-00 00:00:00'),
(112, 'KA08', '0000-00-00 00:00:00', '0000-00-00 00:00:00'),
(113, 'KAYT', '0000-00-00 00:00:00', '0000-00-00 00:00:00'),
(114, 'KIBU', '0000-00-00 00:00:00', '0000-00-00 00:00:00'),
(115, 'KUNM', '0000-00-00 00:00:00', '0000-00-00 00:00:00'),
(116, 'KVMN', '0000-00-00 00:00:00', '0000-00-00 00:00:00'),
(117, 'LABO', '0000-00-00 00:00:00', '0000-00-00 00:00:00'),
(118, 'LAGW', '0000-00-00 00:00:00', '0000-00-00 00:00:00'),
(119, 'LAPS', '0000-00-00 00:00:00', '0000-00-00 00:00:00'),
(120, 'LAPU', '0000-00-00 00:00:00', '0000-00-00 00:00:00'),
(121, 'LBAN', '0000-00-00 00:00:00', '0000-00-00 00:00:00'),
(122, 'LEA1', '0000-00-00 00:00:00', '0000-00-00 00:00:00'),
(123, 'LEB1', '0000-00-00 00:00:00', '0000-00-00 00:00:00'),
(124, 'LEB2', '0000-00-00 00:00:00', '0000-00-00 00:00:00'),
(125, 'LEC1', '0000-00-00 00:00:00', '0000-00-00 00:00:00'),
(126, 'LEC2', '0000-00-00 00:00:00', '0000-00-00 00:00:00'),
(127, 'LED1', '0000-00-00 00:00:00', '0000-00-00 00:00:00'),
(128, 'LEF1', '0000-00-00 00:00:00', '0000-00-00 00:00:00'),
(129, 'LEH1', '0000-00-00 00:00:00', '0000-00-00 00:00:00'),
(130, 'LEYA', '0000-00-00 00:00:00', '0000-00-00 00:00:00'),
(131, 'LEYB', '0000-00-00 00:00:00', '0000-00-00 00:00:00'),
(132, 'LEYC', '0000-00-00 00:00:00', '0000-00-00 00:00:00'),
(133, 'LEYD', '0000-00-00 00:00:00', '0000-00-00 00:00:00'),
(134, 'LEYE', '0000-00-00 00:00:00', '0000-00-00 00:00:00'),
(135, 'LEYF', '0000-00-00 00:00:00', '0000-00-00 00:00:00'),
(136, 'LEYG', '0000-00-00 00:00:00', '0000-00-00 00:00:00'),
(137, 'LEYH', '0000-00-00 00:00:00', '0000-00-00 00:00:00'),
(138, 'LEYJ', '0000-00-00 00:00:00', '0000-00-00 00:00:00'),
(139, 'LEYM', '0000-00-00 00:00:00', '0000-00-00 00:00:00'),
(140, 'LEYO', '0000-00-00 00:00:00', '0000-00-00 00:00:00'),
(141, 'LGYE', '0000-00-00 00:00:00', '0000-00-00 00:00:00'),
(142, 'LGYN', '0000-00-00 00:00:00', '0000-00-00 00:00:00'),
(143, 'LHOV', '0000-00-00 00:00:00', '0000-00-00 00:00:00'),
(144, 'LIBA', '0000-00-00 00:00:00', '0000-00-00 00:00:00'),
(145, 'LIDO', '0000-00-00 00:00:00', '0000-00-00 00:00:00'),
(146, 'LOPE', '0000-00-00 00:00:00', '0000-00-00 00:00:00'),
(147, 'LUBU', '0000-00-00 00:00:00', '0000-00-00 00:00:00'),
(148, 'LUCB', '0000-00-00 00:00:00', '0000-00-00 00:00:00'),
(149, 'LUN1', '0000-00-00 00:00:00', '0000-00-00 00:00:00'),
(150, 'LUN2', '0000-00-00 00:00:00', '0000-00-00 00:00:00'),
(151, 'LUZA', '0000-00-00 00:00:00', '0000-00-00 00:00:00'),
(152, 'LUZB', '0000-00-00 00:00:00', '0000-00-00 00:00:00'),
(153, 'LUZC', '0000-00-00 00:00:00', '0000-00-00 00:00:00'),
(154, 'LUZD', '0000-00-00 00:00:00', '0000-00-00 00:00:00'),
(155, 'LUZE', '0000-00-00 00:00:00', '0000-00-00 00:00:00'),
(156, 'LUZF', '0000-00-00 00:00:00', '0000-00-00 00:00:00'),
(157, 'LUZG', '0000-00-00 00:00:00', '0000-00-00 00:00:00'),
(158, 'LUZH', '0000-00-00 00:00:00', '0000-00-00 00:00:00'),
(159, 'LUZI', '0000-00-00 00:00:00', '0000-00-00 00:00:00'),
(160, 'LUZL', '0000-00-00 00:00:00', '0000-00-00 00:00:00'),
(161, 'LUZN', '0000-00-00 00:00:00', '0000-00-00 00:00:00'),
(162, 'LUZP', '0000-00-00 00:00:00', '0000-00-00 00:00:00'),
(163, 'LUZR', '0000-00-00 00:00:00', '0000-00-00 00:00:00'),
(164, 'LZA1', '0000-00-00 00:00:00', '0000-00-00 00:00:00'),
(165, 'LZC1', '0000-00-00 00:00:00', '0000-00-00 00:00:00'),
(166, 'MAA1', '0000-00-00 00:00:00', '0000-00-00 00:00:00'),
(167, 'MAB1', '0000-00-00 00:00:00', '0000-00-00 00:00:00'),
(168, 'MAB2', '0000-00-00 00:00:00', '0000-00-00 00:00:00'),
(169, 'MABN', '0000-00-00 00:00:00', '0000-00-00 00:00:00'),
(170, 'MAC2', '0000-00-00 00:00:00', '0000-00-00 00:00:00'),
(171, 'MACR', '0000-00-00 00:00:00', '0000-00-00 00:00:00'),
(172, 'MAD1', '0000-00-00 00:00:00', '0000-00-00 00:00:00'),
(173, 'MAD2', '0000-00-00 00:00:00', '0000-00-00 00:00:00'),
(174, 'MAE1', '0000-00-00 00:00:00', '0000-00-00 00:00:00'),
(175, 'MAF1', '0000-00-00 00:00:00', '0000-00-00 00:00:00'),
(176, 'MAGA', '0000-00-00 00:00:00', '0000-00-00 00:00:00'),
(177, 'MAL1', '0000-00-00 00:00:00', '0000-00-00 00:00:00'),
(178, 'MALA', '0000-00-00 00:00:00', '0000-00-00 00:00:00'),
(179, 'MALG', '0000-00-00 00:00:00', '0000-00-00 00:00:00'),
(180, 'MALS', '0000-00-00 00:00:00', '0000-00-00 00:00:00'),
(181, 'MALY', '0000-00-00 00:00:00', '0000-00-00 00:00:00'),
(182, 'MAMB', '0000-00-00 00:00:00', '0000-00-00 00:00:00'),
(183, 'MAR2', '0000-00-00 00:00:00', '0000-00-00 00:00:00'),
(184, 'MARI', '0000-00-00 00:00:00', '0000-00-00 00:00:00'),
(185, 'MARK', '0000-00-00 00:00:00', '0000-00-00 00:00:00'),
(186, 'MARL', '0000-00-00 00:00:00', '0000-00-00 00:00:00'),
(187, 'MASA', '0000-00-00 00:00:00', '0000-00-00 00:00:00'),
(188, 'MASB', '0000-00-00 00:00:00', '0000-00-00 00:00:00'),
(189, 'MASC', '0000-00-00 00:00:00', '0000-00-00 00:00:00'),
(190, 'MASD', '0000-00-00 00:00:00', '0000-00-00 00:00:00'),
(191, 'MASE', '0000-00-00 00:00:00', '0000-00-00 00:00:00'),
(192, 'MASF', '0000-00-00 00:00:00', '0000-00-00 00:00:00'),
(193, 'MASG', '0000-00-00 00:00:00', '0000-00-00 00:00:00'),
(194, 'MASH', '0000-00-00 00:00:00', '0000-00-00 00:00:00'),
(195, 'MASI', '0000-00-00 00:00:00', '0000-00-00 00:00:00'),
(196, 'MASJ', '0000-00-00 00:00:00', '0000-00-00 00:00:00'),
(197, 'MASK', '0000-00-00 00:00:00', '0000-00-00 00:00:00'),
(198, 'MASL', '0000-00-00 00:00:00', '0000-00-00 00:00:00'),
(199, 'MATA', '0000-00-00 00:00:00', '0000-00-00 00:00:00'),
(200, 'MAUB', '0000-00-00 00:00:00', '0000-00-00 00:00:00'),
(201, 'MAYA', '0000-00-00 00:00:00', '0000-00-00 00:00:00'),
(202, 'MDQT', '0000-00-00 00:00:00', '0000-00-00 00:00:00'),
(203, 'MDVS', '0000-00-00 00:00:00', '0000-00-00 00:00:00'),
(204, 'MNAY', '0000-00-00 00:00:00', '0000-00-00 00:00:00'),
(205, 'MPCK', '0000-00-00 00:00:00', '0000-00-00 00:00:00'),
(206, 'MPV1', '0000-00-00 00:00:00', '0000-00-00 00:00:00'),
(207, 'MRHO', '0000-00-00 00:00:00', '0000-00-00 00:00:00'),
(208, 'MRIK', '0000-00-00 00:00:00', '0000-00-00 00:00:00'),
(209, 'MRK1', '0000-00-00 00:00:00', '0000-00-00 00:00:00'),
(210, 'MRK5', '0000-00-00 00:00:00', '0000-00-00 00:00:00'),
(211, 'MSW3', '0000-00-00 00:00:00', '0000-00-00 00:00:00'),
(212, 'MUNT', '0000-00-00 00:00:00', '0000-00-00 00:00:00'),
(213, 'MUNZ', '0000-00-00 00:00:00', '0000-00-00 00:00:00'),
(214, 'MVBM', '0000-00-00 00:00:00', '0000-00-00 00:00:00'),
(215, 'MVCH', '0000-00-00 00:00:00', '0000-00-00 00:00:00'),
(216, 'MVIC', '0000-00-00 00:00:00', '0000-00-00 00:00:00'),
(217, 'MVLC', '0000-00-00 00:00:00', '0000-00-00 00:00:00'),
(218, 'MVMH', '0000-00-00 00:00:00', '0000-00-00 00:00:00'),
(219, 'MVML', '0000-00-00 00:00:00', '0000-00-00 00:00:00'),
(220, 'MVMN', '0000-00-00 00:00:00', '0000-00-00 00:00:00'),
(221, 'MVMP', '0000-00-00 00:00:00', '0000-00-00 00:00:00'),
(222, 'MVMR', '0000-00-00 00:00:00', '0000-00-00 00:00:00'),
(223, 'MVMY', '0000-00-00 00:00:00', '0000-00-00 00:00:00'),
(224, 'MVSB', '0000-00-00 00:00:00', '0000-00-00 00:00:00'),
(225, 'MVSC', '0000-00-00 00:00:00', '0000-00-00 00:00:00'),
(226, 'MVSM', '0000-00-00 00:00:00', '0000-00-00 00:00:00'),
(227, 'MVUP', '0000-00-00 00:00:00', '0000-00-00 00:00:00'),
(228, 'N132', '0000-00-00 00:00:00', '0000-00-00 00:00:00'),
(229, 'N47A', '0000-00-00 00:00:00', '0000-00-00 00:00:00'),
(230, 'N688', '0000-00-00 00:00:00', '0000-00-00 00:00:00'),
(231, 'NAMR', '0000-00-00 00:00:00', '0000-00-00 00:00:00'),
(232, 'NAUJ', '0000-00-00 00:00:00', '0000-00-00 00:00:00'),
(233, 'NAV1', '0000-00-00 00:00:00', '0000-00-00 00:00:00'),
(234, 'NAVA', '0000-00-00 00:00:00', '0000-00-00 00:00:00'),
(235, 'NE21', '0000-00-00 00:00:00', '0000-00-00 00:00:00'),
(236, 'NLCE', '0000-00-00 00:00:00', '0000-00-00 00:00:00'),
(237, 'NLCR', '0000-00-00 00:00:00', '0000-00-00 00:00:00'),
(238, 'NLL1', '0000-00-00 00:00:00', '0000-00-00 00:00:00'),
(239, 'NLL2', '0000-00-00 00:00:00', '0000-00-00 00:00:00'),
(240, 'NLSB', '0000-00-00 00:00:00', '0000-00-00 00:00:00'),
(241, 'NLSI', '0000-00-00 00:00:00', '0000-00-00 00:00:00'),
(242, 'NLSN', '0000-00-00 00:00:00', '0000-00-00 00:00:00'),
(243, 'NMAB', '0000-00-00 00:00:00', '0000-00-00 00:00:00'),
(244, 'NMCO', '0000-00-00 00:00:00', '0000-00-00 00:00:00'),
(245, 'NMLM', '0000-00-00 00:00:00', '0000-00-00 00:00:00'),
(246, 'NMMA', '0000-00-00 00:00:00', '0000-00-00 00:00:00'),
(247, 'NMMB', '0000-00-00 00:00:00', '0000-00-00 00:00:00'),
(248, 'NMSF', '0000-00-00 00:00:00', '0000-00-00 00:00:00'),
(249, 'NMSM', '0000-00-00 00:00:00', '0000-00-00 00:00:00'),
(250, 'NOMA', '0000-00-00 00:00:00', '0000-00-00 00:00:00'),
(251, 'NOMB', '0000-00-00 00:00:00', '0000-00-00 00:00:00'),
(252, 'NOMC', '0000-00-00 00:00:00', '0000-00-00 00:00:00'),
(253, 'NOMD', '0000-00-00 00:00:00', '0000-00-00 00:00:00'),
(254, 'NOME', '0000-00-00 00:00:00', '0000-00-00 00:00:00'),
(255, 'NOMF', '0000-00-00 00:00:00', '0000-00-00 00:00:00'),
(256, 'NOMG', '0000-00-00 00:00:00', '0000-00-00 00:00:00'),
(257, 'NOMH', '0000-00-00 00:00:00', '0000-00-00 00:00:00'),
(258, 'NOMI', '0000-00-00 00:00:00', '0000-00-00 00:00:00'),
(259, 'NOMK', '0000-00-00 00:00:00', '0000-00-00 00:00:00'),
(260, 'NOML', '0000-00-00 00:00:00', '0000-00-00 00:00:00'),
(261, 'NOMZ', '0000-00-00 00:00:00', '0000-00-00 00:00:00'),
(262, 'NPAK', '0000-00-00 00:00:00', '0000-00-00 00:00:00'),
(263, 'NPAL', '0000-00-00 00:00:00', '0000-00-00 00:00:00'),
(264, 'NPIE', '0000-00-00 00:00:00', '0000-00-00 00:00:00'),
(265, 'NTUS', '0000-00-00 00:00:00', '0000-00-00 00:00:00'),
(266, 'NV47', '0000-00-00 00:00:00', '0000-00-00 00:00:00'),
(267, 'NVSM', '0000-00-00 00:00:00', '0000-00-00 00:00:00'),
(268, 'NVY2', '0000-00-00 00:00:00', '0000-00-00 00:00:00'),
(269, 'NVY3', '0000-00-00 00:00:00', '0000-00-00 00:00:00'),
(270, 'NVY9', '0000-00-00 00:00:00', '0000-00-00 00:00:00'),
(271, 'ODON', '0000-00-00 00:00:00', '0000-00-00 00:00:00'),
(272, 'PABL', '0000-00-00 00:00:00', '0000-00-00 00:00:00'),
(273, 'PAGP', '0000-00-00 00:00:00', '0000-00-00 00:00:00'),
(274, 'PAGU', '0000-00-00 00:00:00', '0000-00-00 00:00:00'),
(275, 'PALA', '0000-00-00 00:00:00', '0000-00-00 00:00:00'),
(276, 'PALM', '0000-00-00 00:00:00', '0000-00-00 00:00:00'),
(277, 'PANC', '0000-00-00 00:00:00', '0000-00-00 00:00:00'),
(278, 'PBAY', '0000-00-00 00:00:00', '0000-00-00 00:00:00'),
(279, 'PCAB', '0000-00-00 00:00:00', '0000-00-00 00:00:00'),
(280, 'PCAN', '0000-00-00 00:00:00', '0000-00-00 00:00:00'),
(281, 'PCB2', '0000-00-00 00:00:00', '0000-00-00 00:00:00'),
(282, 'PDAV', '0000-00-00 00:00:00', '0000-00-00 00:00:00'),
(283, 'PERT', '0000-00-00 00:00:00', '0000-00-00 00:00:00'),
(284, 'PFLO', '0000-00-00 00:00:00', '0000-00-00 00:00:00'),
(285, 'PGEN', '0000-00-00 00:00:00', '0000-00-00 00:00:00'),
(286, 'PHIC', '0000-00-00 00:00:00', '0000-00-00 00:00:00'),
(287, 'PHIV', '0000-00-00 00:00:00', '0000-00-00 00:00:00'),
(288, 'PIBU', '0000-00-00 00:00:00', '0000-00-00 00:00:00'),
(289, 'PILC', '0000-00-00 00:00:00', '0000-00-00 00:00:00'),
(290, 'PIMO', '0000-00-00 00:00:00', '0000-00-00 00:00:00'),
(291, 'PIVS', '0000-00-00 00:00:00', '0000-00-00 00:00:00'),
(292, 'PLEG', '0000-00-00 00:00:00', '0000-00-00 00:00:00'),
(293, 'PLWN', '0000-00-00 00:00:00', '0000-00-00 00:00:00'),
(294, 'PLYN', '0000-00-00 00:00:00', '0000-00-00 00:00:00'),
(295, 'PNBO', '0000-00-00 00:00:00', '0000-00-00 00:00:00'),
(296, 'PNG3', '0000-00-00 00:00:00', '0000-00-00 00:00:00'),
(297, 'PNG5', '0000-00-00 00:00:00', '0000-00-00 00:00:00'),
(298, 'POLI', '0000-00-00 00:00:00', '0000-00-00 00:00:00'),
(299, 'POTR', '0000-00-00 00:00:00', '0000-00-00 00:00:00'),
(300, 'PPPC', '0000-00-00 00:00:00', '0000-00-00 00:00:00'),
(301, 'PSTC', '0000-00-00 00:00:00', '0000-00-00 00:00:00'),
(302, 'PSUR', '0000-00-00 00:00:00', '0000-00-00 00:00:00'),
(303, 'PTAC', '0000-00-00 00:00:00', '0000-00-00 00:00:00'),
(304, 'PTAG', '0000-00-00 00:00:00', '0000-00-00 00:00:00'),
(305, 'PTBN', '0000-00-00 00:00:00', '0000-00-00 00:00:00'),
(306, 'PTGY', '0000-00-00 00:00:00', '0000-00-00 00:00:00'),
(307, 'PUER', '0000-00-00 00:00:00', '0000-00-00 00:00:00'),
(308, 'PUGA', '0000-00-00 00:00:00', '0000-00-00 00:00:00'),
(309, 'PURD', '0000-00-00 00:00:00', '0000-00-00 00:00:00'),
(310, 'QN42', '0000-00-00 00:00:00', '0000-00-00 00:00:00'),
(311, 'QZN2', '0000-00-00 00:00:00', '0000-00-00 00:00:00'),
(312, 'QZN3', '0000-00-00 00:00:00', '0000-00-00 00:00:00'),
(313, 'QZN6', '0000-00-00 00:00:00', '0000-00-00 00:00:00'),
(314, 'RCPS', '0000-00-00 00:00:00', '0000-00-00 00:00:00'),
(315, 'ROXA', '0000-00-00 00:00:00', '0000-00-00 00:00:00'),
(316, 'S289', '0000-00-00 00:00:00', '0000-00-00 00:00:00'),
(317, 'SABL', '0000-00-00 00:00:00', '0000-00-00 00:00:00'),
(318, 'SANA', '0000-00-00 00:00:00', '0000-00-00 00:00:00'),
(319, 'SHAO', '0000-00-00 00:00:00', '0000-00-00 00:00:00'),
(320, 'SIBA', '0000-00-00 00:00:00', '0000-00-00 00:00:00'),
(321, 'SIBB', '0000-00-00 00:00:00', '0000-00-00 00:00:00'),
(322, 'SIBC', '0000-00-00 00:00:00', '0000-00-00 00:00:00'),
(323, 'SIBD', '0000-00-00 00:00:00', '0000-00-00 00:00:00'),
(324, 'SIBE', '0000-00-00 00:00:00', '0000-00-00 00:00:00'),
(325, 'SIBF', '0000-00-00 00:00:00', '0000-00-00 00:00:00'),
(326, 'SIBH', '0000-00-00 00:00:00', '0000-00-00 00:00:00'),
(327, 'SIBI', '0000-00-00 00:00:00', '0000-00-00 00:00:00'),
(328, 'SIBJ', '0000-00-00 00:00:00', '0000-00-00 00:00:00'),
(329, 'SIBK', '0000-00-00 00:00:00', '0000-00-00 00:00:00'),
(330, 'SIBL', '0000-00-00 00:00:00', '0000-00-00 00:00:00'),
(331, 'SINA', '0000-00-00 00:00:00', '0000-00-00 00:00:00'),
(332, 'SINB', '0000-00-00 00:00:00', '0000-00-00 00:00:00'),
(333, 'SINC', '0000-00-00 00:00:00', '0000-00-00 00:00:00'),
(334, 'SIND', '0000-00-00 00:00:00', '0000-00-00 00:00:00'),
(335, 'SINE', '0000-00-00 00:00:00', '0000-00-00 00:00:00'),
(336, 'SINF', '0000-00-00 00:00:00', '0000-00-00 00:00:00'),
(337, 'SING', '0000-00-00 00:00:00', '0000-00-00 00:00:00'),
(338, 'SINH', '0000-00-00 00:00:00', '0000-00-00 00:00:00'),
(339, 'SINI', '0000-00-00 00:00:00', '0000-00-00 00:00:00'),
(340, 'SISN', '0000-00-00 00:00:00', '0000-00-00 00:00:00'),
(341, 'SJAQ', '0000-00-00 00:00:00', '0000-00-00 00:00:00'),
(342, 'SLSB', '0000-00-00 00:00:00', '0000-00-00 00:00:00'),
(343, 'SMAT', '0000-00-00 00:00:00', '0000-00-00 00:00:00'),
(344, 'SMCL', '0000-00-00 00:00:00', '0000-00-00 00:00:00'),
(345, 'SMCP', '0000-00-00 00:00:00', '0000-00-00 00:00:00'),
(346, 'SMD1', '0000-00-00 00:00:00', '0000-00-00 00:00:00'),
(347, 'SMDB', '0000-00-00 00:00:00', '0000-00-00 00:00:00'),
(348, 'SMDM', '0000-00-00 00:00:00', '0000-00-00 00:00:00'),
(349, 'SMDS', '0000-00-00 00:00:00', '0000-00-00 00:00:00'),
(350, 'SMDT', '0000-00-00 00:00:00', '0000-00-00 00:00:00'),
(351, 'SMMM', '0000-00-00 00:00:00', '0000-00-00 00:00:00'),
(352, 'SMSK', '0000-00-00 00:00:00', '0000-00-00 00:00:00'),
(353, 'SNNI', '0000-00-00 00:00:00', '0000-00-00 00:00:00'),
(354, 'SOLA', '0000-00-00 00:00:00', '0000-00-00 00:00:00'),
(355, 'SOLB', '0000-00-00 00:00:00', '0000-00-00 00:00:00'),
(356, 'SOLC', '0000-00-00 00:00:00', '0000-00-00 00:00:00'),
(357, 'SOLD', '0000-00-00 00:00:00', '0000-00-00 00:00:00'),
(358, 'SOLE', '0000-00-00 00:00:00', '0000-00-00 00:00:00'),
(359, 'SOLF', '0000-00-00 00:00:00', '0000-00-00 00:00:00'),
(360, 'SOLG', '0000-00-00 00:00:00', '0000-00-00 00:00:00'),
(361, 'SOLH', '0000-00-00 00:00:00', '0000-00-00 00:00:00'),
(362, 'SOLI', '0000-00-00 00:00:00', '0000-00-00 00:00:00'),
(363, 'SOLJ', '0000-00-00 00:00:00', '0000-00-00 00:00:00'),
(364, 'SOLK', '0000-00-00 00:00:00', '0000-00-00 00:00:00'),
(365, 'SOLL', '0000-00-00 00:00:00', '0000-00-00 00:00:00'),
(366, 'SOMA', '0000-00-00 00:00:00', '0000-00-00 00:00:00'),
(367, 'SOMB', '0000-00-00 00:00:00', '0000-00-00 00:00:00'),
(368, 'SOMC', '0000-00-00 00:00:00', '0000-00-00 00:00:00'),
(369, 'SOMD', '0000-00-00 00:00:00', '0000-00-00 00:00:00'),
(370, 'SOME', '0000-00-00 00:00:00', '0000-00-00 00:00:00'),
(371, 'SOMF', '0000-00-00 00:00:00', '0000-00-00 00:00:00'),
(372, 'SOMG', '0000-00-00 00:00:00', '0000-00-00 00:00:00'),
(373, 'SOMH', '0000-00-00 00:00:00', '0000-00-00 00:00:00'),
(374, 'SOMI', '0000-00-00 00:00:00', '0000-00-00 00:00:00'),
(375, 'SOMJ', '0000-00-00 00:00:00', '0000-00-00 00:00:00'),
(376, 'SOMK', '0000-00-00 00:00:00', '0000-00-00 00:00:00'),
(377, 'SOML', '0000-00-00 00:00:00', '0000-00-00 00:00:00'),
(378, 'SOMM', '0000-00-00 00:00:00', '0000-00-00 00:00:00'),
(379, 'SONO', '0000-00-00 00:00:00', '0000-00-00 00:00:00'),
(380, 'SPAB', '0000-00-00 00:00:00', '0000-00-00 00:00:00'),
(381, 'SRQE', '0000-00-00 00:00:00', '0000-00-00 00:00:00'),
(382, 'STNA', '0000-00-00 00:00:00', '0000-00-00 00:00:00'),
(383, 'SUAL', '0000-00-00 00:00:00', '0000-00-00 00:00:00'),
(384, 'TABA', '0000-00-00 00:00:00', '0000-00-00 00:00:00'),
(385, 'TACB', '0000-00-00 00:00:00', '0000-00-00 00:00:00'),
(386, 'TACL', '0000-00-00 00:00:00', '0000-00-00 00:00:00'),
(387, 'TAFT', '0000-00-00 00:00:00', '0000-00-00 00:00:00'),
(388, 'TAGA', '0000-00-00 00:00:00', '0000-00-00 00:00:00'),
(389, 'TAGB', '0000-00-00 00:00:00', '0000-00-00 00:00:00'),
(390, 'TAIW', '0000-00-00 00:00:00', '0000-00-00 00:00:00'),
(391, 'TANY', '0000-00-00 00:00:00', '0000-00-00 00:00:00'),
(392, 'TARL', '0000-00-00 00:00:00', '0000-00-00 00:00:00'),
(393, 'TAWI', '0000-00-00 00:00:00', '0000-00-00 00:00:00'),
(394, 'TCGN', '0000-00-00 00:00:00', '0000-00-00 00:00:00'),
(395, 'TGDN', '0000-00-00 00:00:00', '0000-00-00 00:00:00'),
(396, 'TNDG', '0000-00-00 00:00:00', '0000-00-00 00:00:00'),
(397, 'TNML', '0000-00-00 00:00:00', '0000-00-00 00:00:00'),
(398, 'TOF1', '0000-00-00 00:00:00', '0000-00-00 00:00:00'),
(399, 'TONA', '0000-00-00 00:00:00', '0000-00-00 00:00:00'),
(400, 'TONF', '0000-00-00 00:00:00', '0000-00-00 00:00:00'),
(401, 'TONU', '0000-00-00 00:00:00', '0000-00-00 00:00:00'),
(402, 'TONW', '0000-00-00 00:00:00', '0000-00-00 00:00:00'),
(403, 'TRC3', '0000-00-00 00:00:00', '0000-00-00 00:00:00'),
(404, 'TRL1', '0000-00-00 00:00:00', '0000-00-00 00:00:00'),
(405, 'TRLC', '0000-00-00 00:00:00', '0000-00-00 00:00:00'),
(406, 'TSKB', '0000-00-00 00:00:00', '0000-00-00 00:00:00'),
(407, 'TUAO', '0000-00-00 00:00:00', '0000-00-00 00:00:00'),
(408, 'TUKU', '0000-00-00 00:00:00', '0000-00-00 00:00:00'),
(409, 'TWTF', '0000-00-00 00:00:00', '0000-00-00 00:00:00'),
(410, 'UP02', '0000-00-00 00:00:00', '0000-00-00 00:00:00'),
(411, 'URDT', '0000-00-00 00:00:00', '0000-00-00 00:00:00'),
(412, 'USUD', '0000-00-00 00:00:00', '0000-00-00 00:00:00'),
(413, 'VIGN', '0000-00-00 00:00:00', '0000-00-00 00:00:00'),
(414, 'VMAN', '0000-00-00 00:00:00', '0000-00-00 00:00:00'),
(415, 'VMRH', '0000-00-00 00:00:00', '0000-00-00 00:00:00'),
(416, 'VMSM', '0000-00-00 00:00:00', '0000-00-00 00:00:00'),
(417, 'VRAC', '0000-00-00 00:00:00', '0000-00-00 00:00:00'),
(418, 'VRC1', '0000-00-00 00:00:00', '0000-00-00 00:00:00'),
(419, 'VRC2', '0000-00-00 00:00:00', '0000-00-00 00:00:00'),
(420, 'VRC3', '0000-00-00 00:00:00', '0000-00-00 00:00:00'),
(421, 'VRC4', '0000-00-00 00:00:00', '0000-00-00 00:00:00'),
(422, 'VTBM', '0000-00-00 00:00:00', '0000-00-00 00:00:00'),
(423, 'VTCT', '0000-00-00 00:00:00', '0000-00-00 00:00:00'),
(424, 'VTDK', '0000-00-00 00:00:00', '0000-00-00 00:00:00'),
(425, 'WUHA', '0000-00-00 00:00:00', '0000-00-00 00:00:00'),
(426, 'WUHN', '0000-00-00 00:00:00', '0000-00-00 00:00:00'),
(427, 'ZBS1', '0000-00-00 00:00:00', '0000-00-00 00:00:00'),
(428, 'ZBS3', '0000-00-00 00:00:00', '0000-00-00 00:00:00'),
(429, 'ZMPS', '0000-00-00 00:00:00', '0000-00-00 00:00:00'),
(432, 'TUCP', '2017-05-05 00:52:07', '2017-05-05 00:52:07'),
(433, 'SRCP', '2017-05-10 04:55:35', '2017-05-10 04:55:35'),
(434, 'BCCP', '2017-05-10 07:57:50', '2017-05-10 07:57:50'),
(435, 'SBOL', '2017-05-10 08:20:17', '2017-05-10 08:20:17'),
(436, 'SBOI', '2017-05-16 06:03:16', '2017-05-16 06:03:16');


INSERT INTO `positions` (`id`, `position_name`, `createdAt`, `updatedAt`) VALUES
(1, 'Associate Scientist', '0000-00-00 00:00:00', '0000-00-00 00:00:00'),
(2, 'SR Analyst', '0000-00-00 00:00:00', '0000-00-00 00:00:00'),
(3, 'SR Assistant', '0000-00-00 00:00:00', '0000-00-00 00:00:00'),
(4, 'SRS II', '0000-00-00 00:00:00', '0000-00-00 00:00:00'),
(5, 'SRS I', '0000-00-00 00:00:00', '0000-00-00 00:00:00'),
(6, 'Senior SRS', '0000-00-00 00:00:00', '0000-00-00 00:00:00'),
(7, 'Job Order', '0000-00-00 00:00:00', '0000-00-00 00:00:00'),
(8, 'Science Aide', '0000-00-00 00:00:00', '0000-00-00 00:00:00'),
(9, 'Admin Aide IV', '0000-00-00 00:00:00', '0000-00-00 00:00:00'),
(10, 'Admin Aide III', '0000-00-00 00:00:00', '0000-00-00 00:00:00');

INSERT INTO `divisions` (`id`, `division_name`, `createdAt`, `updatedAt`) VALUES
(1, 'GGRDD', '0000-00-00 00:00:00', '0000-00-00 00:00:00'),
(2, 'SOEPD', '0000-00-00 00:00:00', '0000-00-00 00:00:00'),
(3, 'VMEPD', '0000-00-00 00:00:00', '0000-00-00 00:00:00'),
(4, 'ADMIN/SCIENCE AIDE', '0000-00-00 00:00:00', '0000-00-00 00:00:00');


INSERT INTO `staffs` (`id`, `first_name`, `last_name`, `nickname`, `office_location`, `birthday`, `createdAt`, `updatedAt`, `positionId`, `divisionId`) VALUES
(1, 'Teresito', 'Bacolcol ', 'Toto', 'Main Office', '1973-03-30 16:00:00', '2017-04-10 02:57:41', '2017-04-10 02:57:41', 1, 1),
(2, 'Alfie', 'Pelicano', 'Alfie', 'Main Office', '1982-11-02 16:00:00', '2017-04-10 03:03:19', '2017-04-10 03:03:19', 4, 1),
(3, 'Genesis', 'Sapla', 'Geno', 'Main Office', '1987-11-18 16:00:00', '2017-04-10 03:12:35', '2017-04-10 03:12:35', 5, 1),
(4, 'Bryan', 'Marfito', 'Bryan', 'Main Office', '1993-07-20 16:00:00', '2017-04-10 03:18:31', '2017-04-10 03:18:31', 5, 1),
(5, 'Marion', 'Paras', 'Marion', 'Main Office', '1994-08-09 16:00:00', '2017-04-10 03:29:22', '2017-04-10 03:29:22', 7, 1),
(6, 'Zachary', 'Ragadio', 'Zach', 'Main Office', '1990-09-20 16:00:00', '2017-04-10 03:37:03', '2017-04-10 03:37:03', 7, 1),
(7, 'Alberto', 'Baloto', 'Albert', 'Main Office', '1972-06-18 16:00:00', '2017-04-10 03:40:56', '2017-04-10 03:40:56', 7, 1),
(8, 'Michael John', 'Peralta', 'Michael', 'Main Office', '1988-07-29 16:00:00', '2017-04-10 03:44:21', '2017-04-10 03:44:21', 7, 1),
(9, 'Oriel Vinci', 'Absin', 'Oriel', 'Main Office', '1989-12-02 16:00:00', '2017-04-10 04:28:26', '2017-04-10 04:28:26', 7, 1),
(10, 'Reuscelle', 'Lafrades', 'Celle', 'Main Office', '1994-06-01 16:00:00', '2017-04-10 04:51:57', '2017-04-10 04:51:57', 7, 1),
(11, 'Deo', 'Llamas', 'Deo', 'Main Office', '1993-10-08 16:00:00', '2017-04-10 05:00:02', '2017-04-10 05:00:02', 5, 1),
(12, 'Robelyn', 'Mangahas', 'Robelyn', 'Main Office', '1992-10-07 16:00:00', '2017-04-10 05:11:53', '2017-04-10 05:11:53', 5, 1),
(13, 'Kimberly', 'Vitto', 'Kim', 'Main Office', '1992-04-27 16:00:00', '2017-04-10 06:31:55', '2017-04-10 06:31:55', 5, 1),
(14, 'Ronald', 'Dela Cruz', 'Ronald', 'Masbate', '1969-09-09 16:00:00', '2017-04-10 06:38:39', '2017-04-10 06:38:39', 2, 2),
(15, 'Robinson', 'Jorgio', 'Bombom', 'Lapu-Lapu', '1967-04-27 16:00:00', '2017-04-10 06:41:45', '2017-04-10 06:41:45', 5, 2),
(16, 'Allan', 'Labayog', 'Allan', 'Zamboanga', '1979-04-20 16:00:00', '2017-04-10 07:14:09', '2017-04-10 07:14:09', 2, 2),
(17, 'Roberto', 'Esplida', 'Robert', 'Puerto Princesa', '1972-06-12 16:00:00', '2017-04-10 07:30:32', '2017-04-10 07:30:32', 2, 2),
(18, 'Jaime', 'Marjes', 'Jaime', 'Guinyangan', '1957-04-12 16:00:00', '2017-04-10 07:32:23', '2017-04-10 07:32:23', 5, 2),
(19, 'Wilmer ', 'Legaspi', 'Wilmer', 'Palayan', '1967-02-09 16:00:00', '2017-04-10 07:46:04', '2017-04-10 07:46:04', 2, 2),
(20, 'Maricial', 'Vito', 'Maricial', 'Lucban', '1967-11-01 16:00:00', '2017-04-10 08:09:04', '2017-04-10 08:09:04', 3, 2),
(21, 'Nolan', 'Evangelista', 'Nolan', 'Tagbilaran', '1968-10-27 16:00:00', '2017-04-10 08:14:08', '2017-04-10 08:14:08', 2, 2),
(22, 'Milo', 'Tabigue', 'Milo', 'Kidapawan', '1970-03-22 16:00:00', '2017-04-10 08:18:23', '2017-04-10 08:18:23', 2, 2),
(23, 'Eduardo', 'Lauron', 'Bong', 'Zamboanga', '1968-04-22 16:00:00', '2017-04-10 08:21:00', '2017-04-10 08:21:00', 2, 2),
(24, 'Rainier', 'Amilbahar', 'Rainer', 'Cotabato', '1971-06-23 16:00:00', '2017-04-18 01:55:30', '2017-04-18 01:55:30', 2, 2),
(25, 'Rudy', 'Lacson', 'Rudy', 'Main Office', '1971-04-25 16:00:00', '2017-04-18 01:56:41', '2017-04-18 01:56:41', 6, 3),
(26, 'Rey', 'Lumbag', 'Rey', 'Pinatubo', '1971-09-20 16:00:00', '2017-04-18 01:57:48', '2017-04-18 01:57:48', 5, 3),
(27, 'Artemio', 'Luis', 'Bong', 'Main Office', '1971-04-14 16:00:00', '2017-04-18 01:59:05', '2017-04-18 01:59:05', 4, 3),
(28, 'Luisito', 'Salugsugan', 'Diding', 'Hibok-Hibok', '1957-07-23 16:00:00', '2017-04-18 02:25:05', '2017-04-18 02:25:05', 2, 3),
(29, 'Ronald', 'Pigtain', 'Ronald', 'Main Office', '1964-09-15 16:00:00', '2017-04-18 02:26:45', '2017-04-18 02:26:45', 4, 3),
(30, 'Angelo', 'Abang', 'Angelo', 'Hibok-Hibok', '1964-10-13 16:00:00', '2017-04-18 02:28:41', '2017-04-18 02:28:41', 3, 3),
(31, 'Allan ', 'Loza', 'Allan', 'Taal', '1972-04-13 16:00:00', '2017-04-18 02:30:03', '2017-04-18 02:30:03', 5, 3),
(32, 'Renato', 'Garduque', 'Atoy', 'Main Office', '1968-08-02 16:00:00', '2017-04-18 02:31:49', '2017-04-18 02:31:49', 8, 4),
(33, 'Edwin', 'Ariola', 'Nono', 'Main Office', '1959-08-03 16:00:00', '2017-04-18 02:32:48', '2017-04-18 02:32:48', 9, 4),
(34, 'Manolito', 'Begonia', 'Lito', 'Main Office', '1963-01-27 16:00:00', '2017-04-18 02:33:47', '2017-04-18 02:33:47', 9, 4),
(35, 'Eric', 'Tejerero', 'Eric', 'Main Office', '1978-03-04 16:00:00', '2017-04-18 02:34:43', '2017-04-18 02:34:43', 10, 4),
(36, 'Noah', 'Reblora', 'Noah', 'Main Office', '1972-12-10 16:00:00', '2017-04-18 02:35:52', '2017-04-18 02:35:52', 7, 4),
(37, 'Roderick', 'Ramos', 'Deck', 'Main Office', '1973-11-23 16:00:00', '2017-04-18 02:41:40', '2017-04-18 02:41:40', 7, 4),
(38, 'Jay', 'Gusi', 'Jay', 'Main Office', '1973-05-30 16:00:00', '2017-04-18 02:43:17', '2017-04-18 02:43:17', 7, 4);


INSERT INTO `contact_numbers` (`id`, `number`, `createdAt`, `updatedAt`, `staffId`) VALUES
(1, '09209647632', '2017-04-10 02:57:41', '2017-04-10 02:57:41', 1),
(2, '09177021092', '2017-04-10 03:03:19', '2017-04-10 03:03:19', 2),
(3, '09214442132', '2017-04-10 03:03:19', '2017-04-10 03:03:19', 2),
(4, '09064999059', '2017-04-10 03:12:35', '2017-04-10 03:12:35', 3),
(5, '09065619965', '2017-04-10 03:18:32', '2017-04-10 03:18:32', 4),
(6, '09175005328', '2017-04-10 03:29:22', '2017-04-10 03:29:22', 5),
(7, '09065653712', '2017-04-10 03:37:03', '2017-04-10 03:37:03', 6),
(8, '09755241067', '2017-04-10 03:40:56', '2017-04-10 03:40:56', 7),
(9, '09420948765', '2017-04-10 03:40:56', '2017-04-10 03:40:56', 7),
(10, '09219361594', '2017-04-10 03:40:56', '2017-04-10 03:40:56', 7),
(11, '09062121697', '2017-04-10 03:44:21', '2017-04-10 03:44:21', 8),
(12, '09268199760', '2017-04-10 04:28:26', '2017-04-10 04:28:26', 9),
(13, '09067622636', '2017-04-10 04:51:57', '2017-04-10 04:51:57', 10),
(14, '09266684954', '2017-04-10 05:00:03', '2017-04-10 05:00:03', 11),
(15, '09169141571', '2017-04-10 05:11:53', '2017-04-10 05:11:53', 12),
(16, '09168606479', '2017-04-10 06:31:55', '2017-04-10 06:31:55', 13),
(17, '09778308547', '2017-04-10 06:38:39', '2017-04-10 06:38:39', 14),
(18, '09287155877', '2017-04-10 06:41:46', '2017-04-10 06:41:46', 15),
(19, '09629851740', '2017-04-10 07:14:09', '2017-04-10 07:14:09', 16),
(20, '09392204390', '2017-04-10 07:14:09', '2017-04-10 07:14:09', 16),
(21, '09494494591', '2017-04-10 07:30:32', '2017-04-10 07:30:32', 17),
(22, '09163571883', '2017-04-10 07:32:23', '2017-04-10 07:32:23', 18),
(23, '09203375863', '2017-04-10 07:46:04', '2017-04-10 07:46:04', 19),
(24, '09154382970', '2017-04-10 08:09:04', '2017-04-10 08:09:04', 20),
(25, '09152147534', '2017-04-10 08:14:08', '2017-04-10 08:14:08', 21),
(26, '09159121087', '2017-04-10 08:18:23', '2017-04-10 08:18:23', 22),
(27, '0906898297', '2017-04-10 08:21:00', '2017-04-10 08:21:00', 23),
(28, '09214408764', '2017-04-18 01:55:31', '2017-04-18 01:55:31', 24),
(29, '09174422952', '2017-04-18 01:56:41', '2017-04-18 01:56:41', 25),
(30, '09085334194', '2017-04-18 01:57:48', '2017-04-18 01:57:48', 26),
(31, '09955559284', '2017-04-18 01:57:48', '2017-04-18 01:57:48', 26),
(32, '09186008331', '2017-04-18 01:59:06', '2017-04-18 01:59:06', 27),
(33, '09186008331', '2017-04-18 01:59:06', '2017-04-18 01:59:06', 27),
(34, '09056006821', '2017-04-18 02:25:05', '2017-04-18 02:25:05', 28),
(35, '09154985767', '2017-04-18 02:26:45', '2017-04-18 02:26:45', 29),
(36, '09182046263', '2017-04-18 02:26:45', '2017-04-18 02:26:45', 29),
(37, '09068935838', '2017-04-18 02:28:41', '2017-04-18 02:28:41', 30),
(38, '09309900683', '2017-04-18 02:30:03', '2017-04-18 02:30:03', 31),
(39, '09426544702', '2017-04-18 02:31:50', '2017-04-18 02:31:50', 32),
(40, '09297275495', '2017-04-18 02:32:48', '2017-04-18 02:32:48', 33),
(41, '09219588822', '2017-04-18 02:33:47', '2017-04-18 02:33:47', 34),
(42, '09162711598', '2017-04-18 02:34:43', '2017-04-18 02:34:43', 35),
(43, '09063476052', '2017-04-18 02:35:52', '2017-04-18 02:35:52', 36),
(44, '09987211247', '2017-04-18 02:41:40', '2017-04-18 02:41:40', 37),
(45, '09236922204', '2017-04-18 02:43:17', '2017-04-18 02:43:17', 38);

INSERT INTO `emails` (`id`, `address`, `createdAt`, `updatedAt`, `staffId`) VALUES
(1, 'tbacolcol@yahoo.com', '2017-04-10 02:57:41', '2017-04-10 02:57:41', 1),
(2, 'apelicano@gmail.com', '2017-04-10 03:03:19', '2017-04-10 03:03:19', 2),
(3, 'alfie.pelicano@phivolcs.dost.gov.ph', '2017-04-10 03:03:19', '2017-04-10 03:03:19', 2),
(4, 'genesissaplajr@gmail.com', '2017-04-10 03:12:35', '2017-04-10 03:12:35', 3),
(5, 'bryan.marfito@gmail.com', '2017-04-10 03:18:32', '2017-04-10 03:18:32', 4),
(6, 'yonparas@gmail.com', '2017-04-10 03:29:22', '2017-04-10 03:29:22', 5),
(7, 'ragadiozach@gmail.com', '2017-04-10 03:37:03', '2017-04-10 03:37:03', 6),
(8, 'albert.baloto19@gmail.com', '2017-04-10 03:40:56', '2017-04-10 03:40:56', 7),
(9, 'michaeljohnperalta.mjp@gmail.com', '2017-04-10 03:44:21', '2017-04-10 03:44:21', 8),
(10, 'oriel.absin@gmail.com', '2017-04-10 04:28:26', '2017-04-10 04:28:26', 9),
(11, 'lafradesruescelle@gmail.com', '2017-04-10 04:51:57', '2017-04-10 04:51:57', 10),
(12, 'deollamas08@gmail.com', '2017-04-10 05:00:03', '2017-04-10 05:00:03', 11),
(13, 'robelynmangahas@gmail.com', '2017-04-10 05:11:53', '2017-04-10 05:11:53', 12),
(14, 'kmvitto@gmail.com', '2017-04-10 06:31:55', '2017-04-10 06:31:55', 13),
(15, ' mmpronald@yahoo.com.ph', '2017-04-10 06:38:39', '2017-04-10 06:38:39', 14),
(16, 'rjorgio@yahoo.com', '2017-04-10 06:41:46', '2017-04-10 06:41:46', 15),
(17, 'rlabayog@yahoo.com', '2017-04-10 07:14:09', '2017-04-10 07:14:09', 16),
(18, 'esplidar@yahoo.com.ph', '2017-04-10 07:30:32', '2017-04-10 07:30:32', 17),
(19, 'marjesjaime@yahoo.com', '2017-04-10 07:32:23', '2017-04-10 07:32:23', 18),
(20, 'wilmeral2000@yahoo.com', '2017-04-10 07:46:04', '2017-04-10 07:46:04', 19),
(21, 'laicramv2@yahoo.com', '2017-04-10 08:09:04', '2017-04-10 08:09:04', 20),
(22, 'nolanbohol@yahoo.com', '2017-04-10 08:14:08', '2017-04-10 08:14:08', 21),
(23, 'milotabigue@yahoo.com', '2017-04-10 08:18:23', '2017-04-10 08:18:23', 22),
(24, 'elauron@yahoo.com', '2017-04-10 08:21:00', '2017-04-10 08:21:00', 23),
(25, 'rainer_amilbahar@yahoo.com', '2017-04-18 01:55:31', '2017-04-18 01:55:31', 24),
(26, 'rudylacson@yahoo.com', '2017-04-18 01:56:41', '2017-04-18 01:56:41', 25),
(27, 'lumbar99@yahoo.com', '2017-04-18 01:57:48', '2017-04-18 01:57:48', 26),
(28, 'bong_luis@yahoo.com', '2017-04-18 01:59:06', '2017-04-18 01:59:06', 27),
(29, 'lsalugsugan@yahoo.com', '2017-04-18 02:25:05', '2017-04-18 02:25:05', 28),
(30, 'r_pigtain@yahoo.com', '2017-04-18 02:26:45', '2017-04-18 02:26:45', 29),
(31, 'angelo.abang@philvolcs.dost.gov.ph', '2017-04-18 02:28:41', '2017-04-18 02:28:41', 30);